Workbook

Sheet Instruções
D2: ARQ. ANEXADO II - QUANTITATIVO PADRÃO DE ESTRUTURA DE CONCRETO (AÇO E CONCRETO) OPE-PR-005 - V.0
D3: REVISÃO: 00
D4: ELABORAÇÃO: 30/06/2025
B6: OBRA:
B7: RESP. OBRA:
B8: RESP. PREENCHIMENTO:
C10: - Em cada aba, preencher apenas células em amarelo
C11: - A Armação deve ser levantada conforme resumo de aço dos projetos, nas abas AÇO
C12: - As dimensões das peças estruturais devem ser levantadas nas abas de cada pavimento do empreendimento, ou das peças de fundação/contenção
B14: 1 | C14: Aço Blocos e Aço Estrutura | D14: Identificar a folha do projeto na coluna B, e a respectiva peça estrutural na coluna E
B15: 2 | D15: Apartir dos resumos encontrados nas folhas de armação, colocar a pesagem total de cada bitola nas colunas H a S
B16: 3 | D16: Alterar as cédulas em amarelo, caso possuir alguma bitola diferente
B17: 4 | D17: Levantar a armação da obra, descrevendo os projetos utilizados. Atentar a quantidade de repetições para uma mesma folha, por exemplo, o tipo. Levantar o aço separado por bitola, bem como as telas da cubeta. Em obras de alvenaria estrutural, levantar separado a armação da alvenaria e dos muros, se atentando as repetições das paredes e muros.
B18: 5 | C18: Concreto Blocos | D18: Alterar as cédulas em amarelo caso seja necessário realizar concreto com gelo e o traço que será utilizado convencionalmente
B19: 6 | C19: Concreto Estrutura | D19: Alterar a nomenclatura das cédulas em amarelo na coluna B conforme os pavimentos de acordo com os projetos. Alterar o nome das abas de acordo com os nomes preenchidos na coluna B.
B20: 7 | D20: Alterar as cédulas em amarelo na coluna C com a área de projeção em cada pavimento.
B21: 8 | D21: Analisar o Fck do concreto no projeto e o slump conforme tabela da concreteira, analisando a metragem de tubulação da bomba na obra. Alterar as cédulas em amarelo na coluna D.
B22: 9 | C22: Pilares | D22: Obedecer à numeração do calculista no projeto de estrutura. Caso não haja numeração do calculista, segue-se o seguinte critério: da esquerda para direita, do fundo para frente
B23: 10 | D23: A quantidade (q) refere-se ao número de vezes que ocorre o mesmo pilar, isto é, com as mesmas dimensões (b, a, l)
B24: 11 | D24: A largura do pilar (b) refere-se a menor dimensão da peça.
B25: 12 | D25: O comprimento do pilar (a) refere-se a maior dimensão do pilar.
B26: 13 | D26: A altura do pilar (l) será do piso do pavimento inferior ao piso do pavimento superior, considerando a espessura das lajes
B27: 14 | C27: Vigas | D27: Obedecer à numeração do calculista no projeto de estrutura. Caso não haja numeração do calculista, segue-se o seguinte critério: da esquerda para direita, do fundo para frente.
B28: 15 | D28: As quantidades (q) referem-se ao número de vezes que ocorre a mesma viga, isto é, com as mesmas dimensões (b, a, l).
B29: 16 | D29: A base da viga (b) considera-se a primeira cota do calculista corresponde ao fundo da viga.
B30: 17 | D30: A altura da viga (a) considera-se a segunda cota do calculista corresponde a lateral da viga.
B31: 18 | D31: O comprimento da viga (l) deve-se a distância compreendida entre duas peças estruturais, mesmo que a numeração englobe vários vãos. Nesse caso, dividiremos a viga em quantas partes forem necessárias
B32: 19 | C32: Escadas | D32: Para simplificação do levantamento das peças estruturais nas escadas, o impresso a ser utilizado foi subdividido. O impresso é destinado somente a escadas do tipo mostrado na figura abaixo não devendo ser empregado se o tipo de escada for diferente desta apresentada.
B33: 20 | C33: Escadas - DEGRAU | D33: O seu volume é calculado considerando-se que 2 peças formam um retângulo, por isso, o resultado obtido (volume parcial) deve ser dividido por 2. Para o cálculo de formas, consideramos somente os espelhos.
B34: 21 | C34: Escadas - LAJE DE APOIO | D34: O levantamento é idêntico ao de uma laje normal, tomando-se a precaução de calcular o comprimento pela hipotenusa do triângulo retângulo.
B35: 22 | C35: Escadas - Patamar | D35: O levantamento é feito adotando-se os critérios da laje normal.
B36: 23 | C36: Cortinas | D36: Levantar base, altura e comprimento das cortinas conforme projetos.
B37: 24 | C37: Lajes | D37: Se atentar as lajes intermediárias dos pavimentos (rampas, lajes dupla de piscina, teto de reservatório). Obedecer à numeração do calculista em projeto de estrutura. Caso não haja numeração do calculista, segue-se o seguinte critério: da esquerda para direita, do fundo para frente conforme figura \o lado:
B38: 25 | D38: Separar em número de vezes que ocorre a mesma laje (q), isto é, com as mesmas dimensões (l x a x b).
B39: 26 | D39: O comprimento (l) é definido como a maior dimensão.
B40: 27 | D40: A largura (a) é definida como a menor dimensão.
B41: 28 | D41: A altura (b) corresponde à espessura da laje.
B42: 29 | D42: Analisar o Fck do concreto no projeto e o slump conforme tabela da concreteira, analisando a metragem de tubulação da bomba na obra.
B43: 30 | C43: Cubetas | D43: Obedecer à numeração da laje do calculista no projeto de estrutura ou mapear o trecho considerado. Inserir largura, altura e comprimento da laje. Quantificar a quantidade de cubeta no trecho considerado e inserir o volume de vazios por cubeta conforme tabela do fornecedor.

Sheet AÇO - Blocos de fundação
B2: QUANTITATIVO DE AÇO - FUNDAÇÃO
B3: PROJETO - FOLHA | E3: PEÇA ESTRUTURAL | F3: QUANTIDADE TOTAL | G3: UNIDADE | H3: AÇO CA - 50 | Q3: AÇO CA-60 | T3: TOTAL
H4: 6,30mm | I4: 8,00mm | J4: 10,00mm | K4: 12,50mm | L4: 16,00mm | M4: 20,00mm | N4: 25,00mm | O4: 32,00mm | P4: 0 | Q4: 5,00mm | R4: 0 | S4: 0 | T4: POR FOLHA
T5: =SUM(Q5:S5) -> 0
B6: FUNDAÇÃO (BLOCOS E VIGAS BALDRAMES)
B7: Blocos e vigas baldrames para ESTACA HÉLICE
G8: kg | T8: =SUM(H8:S8) -> 0
G9: kg | T9: =SUM(H9:S9) -> 0
G10: kg | T10: =SUM(H10:S10) -> 0
G11: kg | T11: =SUM(H11:S11) -> 0
G12: kg | T12: =SUM(H12:S12) -> 0
G13: kg | T13: =SUM(H13:S13) -> 0
G14: kg | T14: =SUM(H14:S14) -> 0
G15: kg | T15: =SUM(H15:S15) -> 0
G16: kg | T16: =SUM(H16:S16) -> 0
G17: kg | T17: =SUM(H17:S17) -> 0
G18: kg | T18: =SUM(H18:S18) -> 0
G19: kg | T19: =SUM(H19:S19) -> 0
... G27: kg | T27: =SUM(H27:S27) -> 0
B28: Resumo | T28: =SUM(T8:T27) -> 0
B29: Ferro 6,3 mm - CA-50 (cortado e dobrado) | E29: =$B$7 -> Blocos e vigas baldrames para ESTACA HÉLICE | F29: =H29 -> 0 | G29: kg | H29: =SUM(H8:H27) -> 0 | T29: =SUM(H29:S40) -> 0
B30: Ferro 8,0 mm - CA-50 (cortado e dobrado) | E30: =$B$7 -> Blocos e vigas baldrames para ESTACA HÉLICE | F30: =I30 -> 0 | G30: kg | I30: =SUM(I8:I27) -> 0 | T30: =T28=T29 -> TRUE
B31: Ferro 10,0 mm - CA-50 (cortado e dobrado) | E31: =$B$7 -> Blocos e vigas baldrames para ESTACA HÉLICE | F31: =J31 -> 0 | G31: kg | J31: =SUM(J8:J27) -> 0
B32: Ferro 12,5 mm - CA-50 (cortado e dobrado) | E32: =$B$7 -> Blocos e vigas baldrames para ESTACA HÉLICE | F32: =K32 -> 0 | G32: kg | K32: =SUM(K8:K27) -> 0
B33: Ferro 16,0 mm - CA-50 (cortado e dobrado) | E33: =$B$7 -> Blocos e vigas baldrames para ESTACA HÉLICE | F33: =L33 -> 0 | G33: kg | L33: =SUM(L8:L27) -> 0
B34: Ferro 20,0 mm - CA-50 (cortado e dobrado) | E34: =$B$7 -> Blocos e vigas baldrames para ESTACA HÉLICE | F34: =M34 -> 0 | G34: kg | M34: =SUM(M8:M27) -> 0
B35: Ferro 25,0 mm - CA-50 (cortado e dobrado) | E35: =$B$7 -> Blocos e vigas baldrames para ESTACA HÉLICE | F35: =N35 -> 0 | G35: kg | N35: =SUM(N8:N27) -> 0
B36: Ferro 32,0 mm - CA-50 (cortado e dobrado) | E36: =$B$7 -> Blocos e vigas baldrames para ESTACA HÉLICE | F36: =O36 -> 0 | G36: kg | O36: =SUM(O8:O27) -> 0
B37: Ferro ... - CA-50 (cortado e dobrado) | E37: =$B$7 -> Blocos e vigas baldrames para ESTACA HÉLICE | F37: =P37 -> 0 | G37: kg | P37: =SUM(P8:P27) -> 0
B38: Ferro 5,0 mm - CA-60 (cortado e dobrado) | E38: =$B$7 -> Blocos e vigas baldrames para ESTACA HÉLICE | F38: =Q38 -> 0 | G38: kg | Q38: =SUM(Q8:Q27) -> 0
B39: Ferro ... - CA-60 (cortado e dobrado) | E39: =$B$7 -> Blocos e vigas baldrames para ESTACA HÉLICE | F39: =R39 -> 0 | G39: kg | R39: =SUM(R8:R27) -> 0
B40: Ferro ... - CA-60 (cortado e dobrado) | E40: =$B$7 -> Blocos e vigas baldrames para ESTACA HÉLICE | F40: =S40 -> 0 | G40: kg | S40: =SUM(S8:S27) -> 0
B41: Blocos e vigas baldrames para PERFIL DE FUNDAÇÃO
G42: kg | T42: =SUM(H42:S42) -> 0
G43: kg | T43: =SUM(H43:S43) -> 0
G44: kg | T44: =SUM(H44:S44) -> 0
G45: kg | T45: =SUM(H45:S45) -> 0
G46: kg | T46: =SUM(H46:S46) -> 0
G47: kg | T47: =SUM(H47:S47) -> 0
G48: kg | T48: =SUM(H48:S48) -> 0
G49: kg | T49: =SUM(H49:S49) -> 0
G50: kg | T50: =SUM(H50:S50) -> 0
G51: kg | T51: =SUM(H51:S51) -> 0
G52: kg | T52: =SUM(H52:S52) -> 0
G53: kg | T53: =SUM(H53:S53) -> 0
... G61: kg | T61: =SUM(H61:S61) -> 0
B62: Resumo | T62: =SUM(T42:T61) -> 0
B63: Ferro 6,3 mm - CA-50 (cortado e dobrado) | E63: =$B$41 -> Blocos e vigas baldrames para PERFIL DE FUNDAÇÃO | F63: =H63 -> 0 | G63: kg | H63: =SUM(H42:H61) -> 0 | T63: =SUM(H63:S74) -> 0
B64: Ferro 8,0 mm - CA-50 (cortado e dobrado) | E64: =$B$41 -> Blocos e vigas baldrames para PERFIL DE FUNDAÇÃO | F64: =I64 -> 0 | G64: kg | I64: =SUM(I42:I61) -> 0 | T64: =T62=T63 -> TRUE
B65: Ferro 10,0 mm - CA-50 (cortado e dobrado) | E65: =$B$41 -> Blocos e vigas baldrames para PERFIL DE FUNDAÇÃO | F65: =J65 -> 0 | G65: kg | J65: =SUM(J42:J61) -> 0
B66: Ferro 12,5 mm - CA-50 (cortado e dobrado) | E66: =$B$41 -> Blocos e vigas baldrames para PERFIL DE FUNDAÇÃO | F66: =K66 -> 0 | G66: kg | K66: =SUM(K42:K61) -> 0
B67: Ferro 16,0 mm - CA-50 (cortado e dobrado) | E67: =$B$41 -> Blocos e vigas baldrames para PERFIL DE FUNDAÇÃO | F67: =L67 -> 0 | G67: kg | L67: =SUM(L42:L61) -> 0
B68: Ferro 20,0 mm - CA-50 (cortado e dobrado) | E68: =$B$41 -> Blocos e vigas baldrames para PERFIL DE FUNDAÇÃO | F68: =M68 -> 0 | G68: kg | M68: =SUM(M42:M61) -> 0
B69: Ferro 25,0 mm - CA-50 (cortado e dobrado) | E69: =$B$41 -> Blocos e vigas baldrames para PERFIL DE FUNDAÇÃO | F69: =N69 -> 0 | G69: kg | N69: =SUM(N42:N61) -> 0
B70: Ferro 32,0 mm - CA-50 (cortado e dobrado) | E70: =$B$41 -> Blocos e vigas baldrames para PERFIL DE FUNDAÇÃO | F70: =O70 -> 0 | G70: kg | O70: =SUM(O42:O61) -> 0
B71: Ferro ... - CA-50 (cortado e dobrado) | E71: =$B$41 -> Blocos e vigas baldrames para PERFIL DE FUNDAÇÃO | F71: =P71 -> 0 | G71: kg | P71: =SUM(P42:P61) -> 0
B72: Ferro 5,0 mm - CA-60 (cortado e dobrado) | E72: =$B$41 -> Blocos e vigas baldrames para PERFIL DE FUNDAÇÃO | F72: =Q72 -> 0 | G72: kg | Q72: =SUM(Q42:Q61) -> 0
B73: Ferro ... - CA-60 (cortado e dobrado) | E73: =$B$41 -> Blocos e vigas baldrames para PERFIL DE FUNDAÇÃO | F73: =R73 -> 0 | G73: kg | R73: =SUM(R42:R61) -> 0
B74: Ferro ... - CA-60 (cortado e dobrado) | E74: =$B$41 -> Blocos e vigas baldrames para PERFIL DE FUNDAÇÃO | F74: =S74 -> 0 | G74: kg | S74: =SUM(S42:S61) -> 0
B75: Blocos e vigas baldrames para ESTACA STRAUSS
G76: kg | T76: =SUM(H76:S76) -> 0
G77: kg | T77: =SUM(H77:S77) -> 0
G78: kg | T78: =SUM(H78:S78) -> 0
G79: kg | T79: =SUM(H79:S79) -> 0
G80: kg | T80: =SUM(H80:S80) -> 0
G81: kg | T81: =SUM(H81:S81) -> 0
G82: kg | T82: =SUM(H82:S82) -> 0
G83: kg | T83: =SUM(H83:S83) -> 0
G84: kg | T84: =SUM(H84:S84) -> 0
G85: kg | T85: =SUM(H85:S85) -> 0
G86: kg | T86: =SUM(H86:S86) -> 0
G87: kg | T87: =SUM(H87:S87) -> 0
... G95: kg | T95: =SUM(H95:S95) -> 0
B96: Resumo | T96: =SUM(T76:T95) -> 0
B97: Ferro 6,3 mm - CA-50 (cortado e dobrado) | E97: =$B$75 -> Blocos e vigas baldrames para ESTACA STRAUSS | F97: =H97 -> 0 | G97: kg | H97: =SUM(H76:H95) -> 0 | T97: =SUM(H97:S108) -> 0
B98: Ferro 8,0 mm - CA-50 (cortado e dobrado) | E98: Blocos e vigas baldrames para ESTACA STRAUSS | F98: =I98 -> 0 | G98: kg | I98: =SUM(I76:I95) -> 0 | T98: =T96=T97 -> TRUE
B99: Ferro 10,0 mm - CA-50 (cortado e dobrado) | E99: =$B$75 -> Blocos e vigas baldrames para ESTACA STRAUSS | F99: =J99 -> 0 | G99: kg | J99: =SUM(J76:J95) -> 0
B100: Ferro 12,5 mm - CA-50 (cortado e dobrado) | E100: =$B$75 -> Blocos e vigas baldrames para ESTACA STRAUSS | F100: =K100 -> 0 | G100: kg | K100: =SUM(K76:K95) -> 0
B101: Ferro 16,0 mm - CA-50 (cortado e dobrado) | E101: =$B$75 -> Blocos e vigas baldrames para ESTACA STRAUSS | F101: =L101 -> 0 | G101: kg | L101: =SUM(L76:L95) -> 0
B102: Ferro 20,0 mm - CA-50 (cortado e dobrado) | E102: =$B$75 -> Blocos e vigas baldrames para ESTACA STRAUSS | F102: =M102 -> 0 | G102: kg | M102: =SUM(M76:M95) -> 0
B103: Ferro 25,0 mm - CA-50 (cortado e dobrado) | E103: =$B$75 -> Blocos e vigas baldrames para ESTACA STRAUSS | F103: =N103 -> 0 | G103: kg | N103: =SUM(N76:N95) -> 0
B104: Ferro 32,0 mm - CA-50 (cortado e dobrado) | E104: =$B$75 -> Blocos e vigas baldrames para ESTACA STRAUSS | F104: =O104 -> 0 | G104: kg | O104: =SUM(O76:O95) -> 0
B105: Ferro ... - CA-50 (cortado e dobrado) | E105: =$B$75 -> Blocos e vigas baldrames para ESTACA STRAUSS | F105: =P105 -> 0 | G105: kg | P105: =SUM(P76:P95) -> 0
B106: Ferro 5,0 mm - CA-60 (cortado e dobrado) | E106: =$B$75 -> Blocos e vigas baldrames para ESTACA STRAUSS | F106: =Q106 -> 0 | G106: kg | Q106: =SUM(Q76:Q95) -> 0
B107: Ferro ... - CA-60 (cortado e dobrado) | E107: =$B$75 -> Blocos e vigas baldrames para ESTACA STRAUSS | F107: =R107 -> 0 | G107: kg | R107: =SUM(R76:R95) -> 0
B108: Ferro ... - CA-60 (cortado e dobrado) | E108: =$B$75 -> Blocos e vigas baldrames para ESTACA STRAUSS | F108: =S108 -> 0 | G108: kg | S108: =SUM(S76:S95) -> 0
B109: Blocos e vigas baldrames para ESTACA BARRETE
G110: kg | T110: =SUM(H110:S110) -> 0
G111: kg | T111: =SUM(H111:S111) -> 0
G112: kg | T112: =SUM(H112:S112) -> 0
G113: kg | T113: =SUM(H113:S113) -> 0
G114: kg | T114: =SUM(H114:S114) -> 0
G115: kg | T115: =SUM(H115:S115) -> 0
G116: kg | T116: =SUM(H116:S116) -> 0
G117: kg | T117: =SUM(H117:S117) -> 0
G118: kg | T118: =SUM(H118:S118) -> 0
G119: kg | T119: =SUM(H119:S119) -> 0
G120: kg | T120: =SUM(H120:S120) -> 0
G121: kg | T121: =SUM(H121:S121) -> 0
... G129: kg | T129: =SUM(H129:S129) -> 0
...

Sheet AÇO - Estrutura
B2: QUANTITATIVO ARMAÇÃO ESTRUTURA
B3: PROJETO - FOLHA | E3: PEÇA ESTRUTURAL | F3: QUANTIDADE TOTAL | G3: UNIDADE | H3: AÇO CA - 50 | Q3: AÇO CA-60 | T3: TELAS | W3: TOTAL
H4: 6,30mm | I4: 8,00mm | J4: 10,00mm | K4: 12,50mm | L4: 16,00mm | M4: 20,00mm | N4: 25,00mm | O4: 32,00mm | P4: 0 | Q4: 5,00mm | R4: 4,20mm | S4: 0 | T4: Tela Q75 | U4: Tela Q92 | V4: 0 | W4: POR FOLHA
W5: =SUM(Q5:S5) -> 0
B6: ESTRUTURA
G7: kg | W7: =SUM(H7:V7) -> 0
G8: kg | W8: =SUM(H8:V8) -> 0
G9: kg | W9: =SUM(H9:V9) -> 0
G10: kg | W10: =SUM(H10:V10) -> 0
G11: kg | W11: =SUM(H11:V11) -> 0
G12: kg | W12: =SUM(H12:V12) -> 0
G13: kg | W13: =SUM(H13:V13) -> 0
G14: kg | W14: =SUM(H14:V14) -> 0
G15: kg | W15: =SUM(H15:V15) -> 0
G16: kg | W16: =SUM(H16:V16) -> 0
G17: kg | W17: =SUM(H17:V17) -> 0
G18: kg | W18: =SUM(H18:V18) -> 0
... G113: kg | W113: =SUM(H113:V113) -> 0
B114: Resumo | W114: =SUM(W7:W113) -> 0
B115: Ferro 6,3 mm - CA-50 (cortado e dobrado) | E115: Estrutura | F115: =H115 -> 0 | G115: kg | H115: =SUM(H7:H113) -> 0 | W115: =SUM(H115:V129) -> 0
B116: Ferro 8,0 mm - CA-50 (cortado e dobrado) | E116: Estrutura | F116: =I116 -> 0 | G116: kg | I116: =SUM(I7:I113) -> 0 | W116: =W114=W115 -> TRUE
B117: Ferro 10,0 mm - CA-50 (cortado e dobrado) | E117: Estrutura | F117: =J117 -> 0 | G117: kg | J117: =SUM(J7:J113) -> 0
B118: Ferro 12,5 mm - CA-50 (cortado e dobrado) | E118: Estrutura | F118: =K118 -> 0 | G118: kg | K118: =SUM(K7:K113) -> 0
B119: Ferro 16,0 mm - CA-50 (cortado e dobrado) | E119: Estrutura | F119: =L119 -> 0 | G119: kg | L119: =SUM(L7:L113) -> 0
B120: Ferro 20,0 mm - CA-50 (cortado e dobrado) | E120: Estrutura | F120: =M120 -> 0 | G120: kg | M120: =SUM(M7:M113) -> 0
B121: Ferro 25,0 mm - CA-50 (cortado e dobrado) | E121: Estrutura | F121: =N121 -> 0 | G121: kg | N121: =SUM(N7:N113) -> 0
B122: Ferro 32,0 mm - CA-50 (cortado e dobrado) | E122: Estrutura | F122: =O122 -> 0 | G122: kg | O122: =SUM(O7:O113) -> 0
B123: Ferro ... - CA-50 (cortado e dobrado) | E123: Estrutura | F123: =P123 -> 0 | G123: kg | P123: =SUM(P7:P113) -> 0
B124: Ferro 5,0 mm - CA-60 (cortado e dobrado) | E124: Estrutura | F124: =Q124 -> 0 | G124: kg | Q124: =SUM(Q7:Q113) -> 0
B125: Ferro ... - CA-60 (cortado e dobrado) | E125: Estrutura | F125: =R125 -> 0 | G125: kg | R125: =SUM(R7:R113) -> 0
B126: Ferro ... - CA-60 (cortado e dobrado) | E126: Estrutura | F126: =S126 -> 0 | G126: kg | S126: =SUM(S7:S113) -> 0
B127: Tela Q75 | E127: Estrutura | F127: =T127 -> 0 | G127: kg | T127: =SUM(T7:T113) -> 0
B128: Tela Q92 | E128: Estrutura | F128: =U128 -> 0 | G128: kg | U128: =SUM(U7:U113) -> 0
B129: Tela ... | E129: Estrutura | F129: =V129 -> 0 | G129: kg | V129: =SUM(V7:V113) -> 0
B130: CORTINAS MOLDADAS IN-LOCO
G131: kg | W131: =SUM(H131:V131) -> 0
G132: kg | W132: =SUM(H132:V132) -> 0
G133: kg | W133: =SUM(H133:V133) -> 0
G134: kg | W134: =SUM(H134:V134) -> 0
G135: kg | W135: =SUM(H135:V135) -> 0
G136: kg | W136: =SUM(H136:V136) -> 0
G137: kg | W137: =SUM(H137:V137) -> 0
G138: kg | W138: =SUM(H138:V138) -> 0
G139: kg | W139: =SUM(H139:V139) -> 0
G140: kg | W140: =SUM(H140:V140) -> 0
B141: Resumo | W141: =SUM(W131:W140) -> 0
B142: Ferro 6,3 mm - CA-50 (barra reta) | E142: Cortinas moldadas in-loco | F142: =H142 -> 0 | G142: kg | H142: =SUM(H131:H140) -> 0 | W142: =SUM(H142:V147) -> 0
B143: Ferro 8,0 mm - CA-50 (barra reta) | E143: Cortinas moldadas in-loco | F143: =I143 -> 0 | G143: kg | I143: =SUM(I131:I140) -> 0 | W143: =W141=W142 -> TRUE
B144: Ferro 10,0 mm - CA-50 (barra reta) | E144: Cortinas moldadas in-loco | F144: =J144 -> 0 | G144: kg | J144: =SUM(J131:J140) -> 0
B145: Ferro 12,5 mm - CA-50 (barra reta) | E145: Cortinas moldadas in-loco | F145: =K145 -> 0 | G145: kg | K145: =SUM(K131:K140) -> 0
B146: Ferro 16,0 mm - CA-50 (barra reta) | E146: Cortinas moldadas in-loco | F146: =L146 -> 0 | G146: kg | L146: =SUM(L131:L140) -> 0
B147: Ferro ... - CA-50 (barra reta) | E147: Cortinas moldadas in-loco | F147: =P147 -> 0 | G147: kg | P147: =SUM(P131:P140) -> 0
I275: #REF!

Sheet Resumo - Volume Fundação
B2: RESUMO DE FUNDAÇÃO - CONCRETO
B3: ITEM | D3: DETALHAMENTO | E3: BLOCOS DE FUNDAÇÃO | F3: VIGAS BALDRAMES | G3: UNIDADE | H3: TOTAL
B4: Blocos e vigas baldrames para ESTACA HÉLICE
B5: Volume de escavação | D5: Volume total a escavar | E5: ='Blocos de fundação'!N68+'Blocos de fundação'!N144 -> 0 | F5: ='Vigas baldrames'!M55 -> 0 | G5: m3 | H5: =E5+F5 -> 0
B6: Área de lastro | D6: Concreto Fck - 13,5 Mpa / Slump 6 ± 1 - Brita 1 e 2 | E6: ='Blocos de fundação'!K68+'Blocos de fundação'!K144 -> 0 | F6: ='Vigas baldrames'!G55 -> 0 | G6: m2 | H6: =E6+F6 -> 0
B7: Área de forma | D7: Material | E7: ='Blocos de fundação'!L68+'Blocos de fundação'!L144 -> 0 | F7: ='Vigas baldrames'!H55 -> 0 | G7: m2 | H7: =E7+F7 -> 0
B8: Volume de concreto tipo 01 | D8: Concreto Fck - 30,0 MPa / Slump 9 ± 1 - Brita 1 | E8: ='Blocos de fundação'!K69+'Blocos de fundação'!K145 -> 0 | F8: ='Vigas baldrames'!I55 -> 0 | G8: m3 | H8: =E8+F8 -> 0
B9: Volume de concreto tipo 02 | D9: Concreto ... com gelo | E9: ='Blocos de fundação'!O69+'Blocos de fundação'!O145 -> 0 | G9: m3 | H9: =E9+F9 -> 0
B10: Blocos e vigas baldrames para PERFIL DE FUNDAÇÃO
B11: Volume de escavação | D11: Volume total a escavar | E11: ='Blocos de fundação'!N212+'Blocos de fundação'!N280 -> 0 | F11: ='Vigas baldrames'!M109 -> 0 | G11: m3 | H11: =E11+F11 -> 0
B12: Área de lastro | D12: Concreto Fck - 13,5 Mpa / Slump 6 ± 1 - Brita 1 e 2 | E12: ='Blocos de fundação'!K212+'Blocos de fundação'!K280 -> 0 | F12: ='Vigas baldrames'!G109 -> 0 | G12: m2 | H12: =E12+F12 -> 0
B13: Área de forma | D13: Material | E13: ='Blocos de fundação'!L212+'Blocos de fundação'!L280 -> 0 | F13: ='Vigas baldrames'!H109 -> 0 | G13: m2 | H13: =E13+F13 -> 0
B14: Volume de concreto tipo 01 | D14: Concreto Fck - 30,0 MPa / Slump 9 ± 1 - Brita 1 | E14: ='Blocos de fundação'!K213+'Blocos de fundação'!K281 -> 0 | F14: ='Vigas baldrames'!I109 -> 0 | G14: m3 | H14: =E14+F14 -> 0
B15: Volume de concreto tipo 02 | D15: Concreto ... com gelo | E15: ='Blocos de fundação'!O213+'Blocos de fundação'!O281 -> 0 | G15: m3 | H15: =E15+F15 -> 0
B16: Blocos e vigas baldrames para ESTACA STRAUSS
B17: Volume de escavação | D17: Volume total a escavar | E17: ='Blocos de fundação'!N348+'Blocos de fundação'!N416 -> 0 | F17: ='Vigas baldrames'!M163 -> 0 | G17: m3 | H17: =E17+F17 -> 0
B18: Área de lastro | D18: Concreto Fck - 13,5 Mpa / Slump 6 ± 1 - Brita 1 e 2 | E18: ='Blocos de fundação'!K348+'Blocos de fundação'!K416 -> 0 | F18: ='Vigas baldrames'!G163 -> 0 | G18: m2 | H18: =E18+F18 -> 0
B19: Área de forma | D19: Material | E19: ='Blocos de fundação'!L348+'Blocos de fundação'!L416 -> 0 | F19: ='Vigas baldrames'!H163 -> 0 | G19: m2 | H19: =E19+F19 -> 0
B20: Volume de concreto tipo 01 | D20: Concreto Fck - 30,0 MPa / Slump 9 ± 1 - Brita 1 | E20: ='Blocos de fundação'!K349+'Blocos de fundação'!K417 -> 0 | F20: ='Vigas baldrames'!I163 -> 0 | G20: m3 | H20: =E20+F20 -> 0
B21: Volume de concreto tipo 02 | D21: Concreto ... com gelo | E21: ='Blocos de fundação'!O349+'Blocos de fundação'!O417 -> 0 | G21: m3 | H21: =E21+F21 -> 0
B22: Blocos e vigas baldrames para ESTACA BARRETE
B23: Volume de escavação | D23: Volume total a escavar | E23: ='Blocos de fundação'!N484+'Blocos de fundação'!N552 -> 0 | F23: ='Vigas baldrames'!M217 -> 0 | G23: m3 | H23: =E23+F23 -> 0
B24: Área de lastro | D24: Concreto Fck - 13,5 Mpa / Slump 6 ± 1 - Brita 1 e 2 | E24: ='Blocos de fundação'!K484+'Blocos de fundação'!K552 -> 0 | F24: ='Vigas baldrames'!G217 -> 0 | G24: m2 | H24: =E24+F24 -> 0
B25: Área de forma | D25: Material | E25: ='Blocos de fundação'!L484+'Blocos de fundação'!L552 -> 0 | F25: ='Vigas baldrames'!H217 -> 0 | G25: m2 | H25: =E25+F25 -> 0
B26: Volume de concreto tipo 01 | D26: Concreto Fck - 30,0 MPa / Slump 9 ± 1 - Brita 1 | E26: ='Blocos de fundação'!K485+'Blocos de fundação'!K553 -> 0 | F26: ='Vigas baldrames'!I217 -> 0 | G26: m3 | H26: =E26+F26 -> 0
B27: Volume de concreto tipo 02 | D27: Concreto ... com gelo | E27: ='Blocos de fundação'!O485+'Blocos de fundação'!O553 -> 0 | G27: m3 | H27: =E27+F27 -> 0
B28: Blocos e vigas baldrames para ESTACA ESCAVADA
B29: Volume de escavação | D29: Volume total a escavar | E29: ='Blocos de fundação'!N620+'Blocos de fundação'!N688 -> 0 | F29: ='Vigas baldrames'!M271 -> 0 | G29: m3 | H29: =E29+F29 -> 0
B30: Área de lastro | D30: Concreto Fck - 13,5 Mpa / Slump 6 ± 1 - Brita 1 e 2 | E30: ='Blocos de fundação'!K620+'Blocos de fundação'!K688 -> 0 | F30: ='Vigas baldrames'!G271 -> 0 | G30: m2 | H30: =E30+F30 -> 0
B31: Área de forma | D31: Material | E31: ='Blocos de fundação'!L620+'Blocos de fundação'!L688 -> 0 | F31: ='Vigas baldrames'!H271 -> 0 | G31: m2 | H31: =E31+F31 -> 0
B32: Volume de concreto tipo 01 | D32: Concreto Fck - 30,0 MPa / Slump 9 ± 1 - Brita 1 | E32: ='Blocos de fundação'!K621+'Blocos de fundação'!K689 -> 0 | F32: ='Vigas baldrames'!I271 -> 0 | G32: m3 | H32: =E32+F32 -> 0
B33: Volume de concreto tipo 02 | D33: Concreto ... com gelo | E33: ='Blocos de fundação'!O621+'Blocos de fundação'!O689 -> 0 | G33: m3 | H33: =E33+F33 -> 0
B34: Blocos e vigas baldrames para TUBULÃO
B35: Volume de escavação | D35: Volume total a escavar | E35: ='Blocos de fundação'!N756+'Blocos de fundação'!N824 -> 0 | F35: ='Vigas baldrames'!M325 -> 0 | G35: m3 | H35: =E35+F35 -> 0
B36: Área de lastro | D36: Concreto Fck - 13,5 Mpa / Slump 6 ± 1 - Brita 1 e 2 | E36: ='Blocos de fundação'!K756+'Blocos de fundação'!K824 -> 0 | F36: ='Vigas baldrames'!G325 -> 0 | G36: m2 | H36: =E36+F36 -> 0
B37: Área de forma | D37: Material | E37: ='Blocos de fundação'!L756+'Blocos de fundação'!L824 -> 0 | F37: ='Vigas baldrames'!H325 -> 0 | G37: m2 | H37: =E37+F37 -> 0
B38: Volume de concreto tipo 01 | D38: Concreto Fck - 30,0 MPa / Slump 9 ± 1 - Brita 1 | E38: ='Blocos de fundação'!K757+'Blocos de fundação'!K825 -> 0 | F38: ='Vigas baldrames'!I325 -> 0 | G38: m3 | H38: =E38+F38 -> 0
B39: Volume de concreto tipo 02 | D39: Concreto ... com gelo | E39: ='Blocos de fundação'!O757+'Blocos de fundação'!O825 -> 0 | G39: m3 | H39: =E39+F39 -> 0
B40: Blocos e vigas baldrames para ESTACA PRÉ-MOLDADA
B41: Volume de escavação | D41: Volume total a escavar | E41: ='Blocos de fundação'!N892+'Blocos de fundação'!N960 -> 0 | F41: ='Vigas baldrames'!M379 -> 0 | G41: m3 | H41: =E41+F41 -> 0
B42: Área de lastro | D42: Concreto Fck - 13,5 Mpa / Slump 6 ± 1 - Brita 1 e 2 | E42: ='Blocos de fundação'!K892+'Blocos de fundação'!K960 -> 0 | F42: ='Vigas baldrames'!G379 -> 0 | G42: m2 | H42: =E42+F42 -> 0
B43: Área de forma | D43: Material | E43: ='Blocos de fundação'!L892+'Blocos de fundação'!L960 -> 0 | F43: ='Vigas baldrames'!H379 -> 0 | G43: m2 | H43: =E43+F43 -> 0
B44: Volume de concreto tipo 01 | D44: Concreto Fck - 30,0 MPa / Slump 9 ± 1 - Brita 1 | E44: ='Blocos de fundação'!K893+'Blocos de fundação'!K961 -> 0 | F44: ='Vigas baldrames'!I379 -> 0 | G44: m3 | H44: =E44+F44 -> 0
B45: Volume de concreto tipo 02 | D45: Concreto ... com gelo | E45: ='Blocos de fundação'!O893+'Blocos de fundação'!O961 -> 0 | G45: m3 | H45: =E45+F45 -> 0
B46: Blocos e vigas baldrames para ESTACA FRANKI
B47: Volume de escavação | D47: Volume total a escavar | E47: ='Blocos de fundação'!N1028+'Blocos de fundação'!N1096 -> 0 | F47: ='Vigas baldrames'!M433 -> 0 | G47: m3 | H47: =E47+F47 -> 0
B48: Área de lastro | D48: Concreto Fck - 13,5 Mpa / Slump 6 ± 1 - Brita 1 e 2 | E48: ='Blocos de fundação'!K1028+'Blocos de fundação'!K1096 -> 0 | F48: ='Vigas baldrames'!G433 -> 0 | G48: m2 | H48: =E48+F48 -> 0
B49: Área de forma | D49: Material | E49: ='Blocos de fundação'!L1028+'Blocos de fundação'!L1096 -> 0 | F49: ='Vigas baldrames'!H433 -> 0 | G49: m2 | H49: =E49+F49 -> 0
B50: Volume de concreto tipo 01 | D50: Concreto Fck - 30,0 MPa / Slump 9 ± 1 - Brita 1 | E50: ='Blocos de fundação'!K1029+'Blocos de fundação'!K1097 -> 0 | F50: ='Vigas baldrames'!I433 -> 0 | G50: m3 | H50: =E50+F50 -> 0
B51: Volume de concreto tipo 02 | D51: Concreto ... com gelo | E51: ='Blocos de fundação'!O1029+'Blocos de fundação'!O1097 -> 0 | G51: m3 | H51: =E51+F51 -> 0
B52: Blocos e vigas baldrames para ESTACA RAIZ
B53: Volume de escavação | D53: Volume total a escavar | E53: ='Blocos de fundação'!N1164+'Blocos de fundação'!N1232 -> 0 | F53: ='Vigas baldrames'!M487 -> 0 | G53: m3 | H53: =E53+F53 -> 0
B54: Área de lastro | D54: Concreto Fck - 13,5 Mpa / Slump 6 ± 1 - Brita 1 e 2 | E54: ='Blocos de fundação'!K1164+'Blocos de fundação'!K1232 -> 0 | F54: ='Vigas baldrames'!G487 -> 0 | G54: m2 | H54: =E54+F54 -> 0
B55: Área de forma | D55: Material | E55: ='Blocos de fundação'!L1164+'Blocos de fundação'!L1232 -> 0 | F55: ='Vigas baldrames'!H487 -> 0 | G55: m2 | H55: =E55+F55 -> 0
B56: Volume de concreto tipo 01 | D56: Concreto Fck - 30,0 MPa / Slump 9 ± 1 - Brita 1 | E56: ='Blocos de fundação'!K1165+'Blocos de fundação'!K1233 -> 0 | F56: ='Vigas baldrames'!I487 -> 0 | G56: m3 | H56: =E56+F56 -> 0
B57: Volume de concreto tipo 02 | D57: Concreto ... com gelo | E57: ='Blocos de fundação'!O1165+'Blocos de fundação'!O1233 -> 0 | G57: m3 | H57: =E57+F57 -> 0

Sheet Blocos de fundação
B1: Atenta-se no movimento de terra, pois o acrescimo é de 0,50m para cada lado. Porém não deve sobrepor outra área. Caso haja necessidade, ajustar a fórmula somente do movimento de terra.
B3: BLOCOS DE FUNDAÇÃO PARA ESTACA HÉLICE
C4: No ORDEM | D4: QUANT. | E4: B1 | F4: H1 | G4: B3 | H4: B2 | I4: H2 | J4: E -ALTURA DO BLOCO | K4: LASTRO | L4: AREA FORMA | M4: VOL. CONCRETO | N4: VOL. ESCAVAÇÃO | O4: TIPO DE CONCRETO
B5: SETOR A
B6: V. | K6: =G6*H6*I6 -> 0 | L6: =(H6+I6)*2*J6*G6 -> 0 | M6: =G6*H6*I6*J6 -> 0 | N6: =G6*(H6+0.5+0.5)*(I6+0.5+0.5)*J6 -> 0 | O6: 1 | P6: =((E6+(E6+H6))/2)*F6 -> 0 | Q6: =((H6+(E6+H6))/2)*I6 -> 0 | R6: =(P6+Q6)*J6 -> 0
B7: V. | K7: =G7*H7*I7 -> 0 | L7: =(H7+I7)*2*J7*G7 -> 0 | M7: =G7*H7*I7*J7 -> 0 | N7: =G7*(H7+0.5+0.5)*(I7+0.5+0.5)*J7 -> 0 | O7: 1
B8: V. | K8: =G8*H8*I8 -> 0 | L8: =(H8+I8)*2*J8*G8 -> 0 | M8: =G8*H8*I8*J8 -> 0 | N8: =G8*(H8+0.5+0.5)*(I8+0.5+0.5)*J8 -> 0 | O8: 1
B9: V. | K9: =G9*H9*I9 -> 0 | L9: =(H9+I9)*2*J9*G9 -> 0 | M9: =G9*H9*I9*J9 -> 0 | N9: =G9*(H9+0.5+0.5)*(I9+0.5+0.5)*J9 -> 0 | O9: 1
B10: V. | K10: =G10*H10*I10 -> 0 | L10: =(H10+I10)*2*J10*G10 -> 0 | M10: =G10*H10*I10*J10 -> 0 | N10: =G10*(H10+0.5+0.5)*(I10+0.5+0.5)*J10 -> 0 | O10: 1
B11: V. | K11: =G11*H11*I11 -> 0 | L11: =(H11+I11)*2*J11*G11 -> 0 | M11: =G11*H11*I11*J11 -> 0 | N11: =G11*(H11+0.5+0.5)*(I11+0.5+0.5)*J11 -> 0 | O11: 1
B12: V. | K12: =G12*H12*I12 -> 0 | L12: =(H12+I12)*2*J12*G12 -> 0 | M12: =G12*H12*I12*J12 -> 0 | N12: =G12*(H12+0.5+0.5)*(I12+0.5+0.5)*J12 -> 0 | O12: 1
B13: V. | K13: =G13*H13*I13 -> 0 | L13: =(H13+I13)*2*J13*G13 -> 0 | M13: =G13*H13*I13*J13 -> 0 | N13: =G13*(H13+0.5+0.5)*(I13+0.5+0.5)*J13 -> 0 | O13: 1
B14: V. | K14: =G14*H14*I14 -> 0 | L14: =(H14+I14)*2*J14*G14 -> 0 | M14: =G14*H14*I14*J14 -> 0 | N14: =G14*(H14+0.5+0.5)*(I14+0.5+0.5)*J14 -> 0 | O14: 1
B15: V. | K15: =G15*H15*I15 -> 0 | L15: =(H15+I15)*2*J15*G15 -> 0 | M15: =G15*H15*I15*J15 -> 0 | N15: =G15*(H15+0.5+0.5)*(I15+0.5+0.5)*J15 -> 0 | O15: 1
B16: V. | K16: =G16*H16*I16 -> 0 | L16: =(H16+I16)*2*J16*G16 -> 0 | M16: =G16*H16*I16*J16 -> 0 | N16: =G16*(H16+0.5+0.5)*(I16+0.5+0.5)*J16 -> 0 | O16: 1
B17: V. | K17: =G17*H17*I17 -> 0 | L17: =(H17+I17)*2*J17*G17 -> 0 | M17: =G17*H17*I17*J17 -> 0 | N17: =G17*(H17+0.5+0.5)*(I17+0.5+0.5)*J17 -> 0 | O17: 1
B18: V. | K18: =G18*H18*I18 -> 0 | L18: =(H18+I18)*2*J18*G18 -> 0 | M18: =G18*H18*I18*J18 -> 0 | N18: =G18*(H18+0.5+0.5)*(I18+0.5+0.5)*J18 -> 0 | O18: 1
... B25: V. | K25: =G25*H25*I25 -> 0 | L25: =(H25+I25)*2*J25*G25 -> 0 | M25: =G25*H25*I25*J25 -> 0 | N25: =G25*(H25+0.5+0.5)*(I25+0.5+0.5)*J25 -> 0 | O25: 1
B26: SETOR B
B27: V. | K27: =G27*H27*I27 -> 0 | L27: =(H27+I27)*2*J27*G27 -> 0 | M27: =G27*H27*I27*J27 -> 0 | N27: =G27*(H27+0.5+0.5)*(I27+0.5+0.5)*J27 -> 0 | O27: 1
B28: V. | K28: =G28*H28*I28 -> 0 | L28: =(H28+I28)*2*J28*G28 -> 0 | M28: =G28*H28*I28*J28 -> 0 | N28: =G28*(H28+0.5+0.5)*(I28+0.5+0.5)*J28 -> 0 | O28: 1
B29: V. | K29: =G29*H29*I29 -> 0 | L29: =(H29+I29)*2*J29*G29 -> 0 | M29: =G29*H29*I29*J29 -> 0 | N29: =G29*(H29+0.5+0.5)*(I29+0.5+0.5)*J29 -> 0 | O29: 1
B30: V. | K30: =G30*H30*I30 -> 0 | L30: =(H30+I30)*2*J30*G30 -> 0 | M30: =G30*H30*I30*J30 -> 0 | N30: =G30*(H30+0.5+0.5)*(I30+0.5+0.5)*J30 -> 0 | O30: 1
B31: V. | K31: =G31*H31*I31 -> 0 | L31: =(H31+I31)*2*J31*G31 -> 0 | M31: =G31*H31*I31*J31 -> 0 | N31: =G31*(H31+0.5+0.5)*(I31+0.5+0.5)*J31 -> 0 | O31: 1
B32: V. | K32: =G32*H32*I32 -> 0 | L32: =(H32+I32)*2*J32*G32 -> 0 | M32: =G32*H32*I32*J32 -> 0 | N32: =G32*(H32+0.5+0.5)*(I32+0.5+0.5)*J32 -> 0 | O32: 1
B33: V. | K33: =G33*H33*I33 -> 0 | L33: =(H33+I33)*2*J33*G33 -> 0 | M33: =G33*H33*I33*J33 -> 0 | N33: =G33*(H33+0.5+0.5)*(I33+0.5+0.5)*J33 -> 0 | O33: 1
B34: V. | K34: =G34*H34*I34 -> 0 | L34: =(H34+I34)*2*J34*G34 -> 0 | M34: =G34*H34*I34*J34 -> 0 | N34: =G34*(H34+0.5+0.5)*(I34+0.5+0.5)*J34 -> 0 | O34: 1
B35: V. | K35: =G35*H35*I35 -> 0 | L35: =(H35+I35)*2*J35*G35 -> 0 | M35: =G35*H35*I35*J35 -> 0 | N35: =G35*(H35+0.5+0.5)*(I35+0.5+0.5)*J35 -> 0 | O35: 1
B36: V. | K36: =G36*H36*I36 -> 0 | L36: =(H36+I36)*2*J36*G36 -> 0 | M36: =G36*H36*I36*J36 -> 0 | N36: =G36*(H36+0.5+0.5)*(I36+0.5+0.5)*J36 -> 0 | O36: 1
B37: V. | K37: =G37*H37*I37 -> 0 | L37: =(H37+I37)*2*J37*G37 -> 0 | M37: =G37*H37*I37*J37 -> 0 | N37: =G37*(H37+0.5+0.5)*(I37+0.5+0.5)*J37 -> 0 | O37: 1
B38: V. | K38: =G38*H38*I38 -> 0 | L38: =(H38+I38)*2*J38*G38 -> 0 | M38: =G38*H38*I38*J38 -> 0 | N38: =G38*(H38+0.5+0.5)*(I38+0.5+0.5)*J38 -> 0 | O38: 1
... B46: V. | K46: =G46*H46*I46 -> 0 | L46: =(H46+I46)*2*J46*G46 -> 0 | M46: =G46*H46*I46*J46 -> 0 | N46: =G46*(H46+0.5+0.5)*(I46+0.5+0.5)*J46 -> 0 | O46: 1
B47: SETOR C
B48: V. | K48: =G48*H48*I48 -> 0 | L48: =(H48+I48)*2*J48*G48 -> 0 | M48: =G48*H48*I48*J48 -> 0 | N48: =G48*(H48+0.5+0.5)*(I48+0.5+0.5)*J48 -> 0 | O48: 1
B49: V. | K49: =G49*H49*I49 -> 0 | L49: =(H49+I49)*2*J49*G49 -> 0 | M49: =G49*H49*I49*J49 -> 0 | N49: =G49*(H49+0.5+0.5)*(I49+0.5+0.5)*J49 -> 0 | O49: 1
B50: V. | K50: =G50*H50*I50 -> 0 | L50: =(H50+I50)*2*J50*G50 -> 0 | M50: =G50*H50*I50*J50 -> 0 | N50: =G50*(H50+0.5+0.5)*(I50+0.5+0.5)*J50 -> 0 | O50: 1
B51: V. | K51: =G51*H51*I51 -> 0 | L51: =(H51+I51)*2*J51*G51 -> 0 | M51: =G51*H51*I51*J51 -> 0 | N51: =G51*(H51+0.5+0.5)*(I51+0.5+0.5)*J51 -> 0 | O51: 1
B52: V. | K52: =G52*H52*I52 -> 0 | L52: =(H52+I52)*2*J52*G52 -> 0 | M52: =G52*H52*I52*J52 -> 0 | N52: =G52*(H52+0.5+0.5)*(I52+0.5+0.5)*J52 -> 0 | O52: 1
B53: V. | K53: =G53*H53*I53 -> 0 | L53: =(H53+I53)*2*J53*G53 -> 0 | M53: =G53*H53*I53*J53 -> 0 | N53: =G53*(H53+0.5+0.5)*(I53+0.5+0.5)*J53 -> 0 | O53: 1
B54: V. | K54: =G54*H54*I54 -> 0 | L54: =(H54+I54)*2*J54*G54 -> 0 | M54: =G54*H54*I54*J54 -> 0 | N54: =G54*(H54+0.5+0.5)*(I54+0.5+0.5)*J54 -> 0 | O54: 1
B55: V. | K55: =G55*H55*I55 -> 0 | L55: =(H55+I55)*2*J55*G55 -> 0 | M55: =G55*H55*I55*J55 -> 0 | N55: =G55*(H55+0.5+0.5)*(I55+0.5+0.5)*J55 -> 0 | O55: 1
B56: V. | K56: =G56*H56*I56 -> 0 | L56: =(H56+I56)*2*J56*G56 -> 0 | M56: =G56*H56*I56*J56 -> 0 | N56: =G56*(H56+0.5+0.5)*(I56+0.5+0.5)*J56 -> 0 | O56: 1
B57: V. | K57: =G57*H57*I57 -> 0 | L57: =(H57+I57)*2*J57*G57 -> 0 | M57: =G57*H57*I57*J57 -> 0 | N57: =G57*(H57+0.5+0.5)*(I57+0.5+0.5)*J57 -> 0 | O57: 1
B58: V. | K58: =G58*H58*I58 -> 0 | L58: =(H58+I58)*2*J58*G58 -> 0 | M58: =G58*H58*I58*J58 -> 0 | N58: =G58*(H58+0.5+0.5)*(I58+0.5+0.5)*J58 -> 0 | O58: 1
B59: V. | K59: =G59*H59*I59 -> 0 | L59: =(H59+I59)*2*J59*G59 -> 0 | M59: =G59*H59*I59*J59 -> 0 | N59: =G59*(H59+0.5+0.5)*(I59+0.5+0.5)*J59 -> 0 | O59: 1
... B67: V. | K67: =G67*H67*I67 -> 0 | L67: =(H67+I67)*2*J67*G67 -> 0 | M67: =G67*H67*I67*J67 -> 0 | N67: =G67*(H67+0.5+0.5)*(I67+0.5+0.5)*J67 -> 0 | O67: 1
J68: TOTAL | K68: =SUM(K6:K67) -> 0 | L68: =SUM(L6:L67) -> 0 | M68: =SUM(M6:M67) -> 0 | N68: =SUM(N6:N67) -> 0 | O68: -
G69: CONCRETO PADRÃO (1) | K69: =M68-O69 -> 0 | L69: CONCRETO DIFERENCIADO (2) | O69: =SUMIF((O4:O67),2,(M4:M67)) -> 0
E71: BLOCOS DE FUNDAÇÃO PARA ESTACA HÉLICE
F72: No ORDEM | G72: QUANT. | H72: LARGURA | I72: COMPRIMENTO | J72: ALTURA | K72: LASTRO | L72: AREA FORMA | M72: VOL. CONCRETO | N72: VOL. ESCAVAÇÃO | O72: TIPO DE CONCRETO
E73: SETOR A
E74: V. | K74: =G74*H74*I74 -> 0 | L74: =(H74+I74)*2*J74*G74 -> 0 | M74: =G74*H74*I74*J74 -> 0 | N74: =G74*(H74+0.5+0.5)*(I74+0.5+0.5)*J74 -> 0 | O74: 1
E75: V. | K75: =G75*H75*I75 -> 0 | L75: =(H75+I75)*2*J75*G75 -> 0 | M75: =G75*H75*I75*J75 -> 0 | N75: =G75*(H75+0.5+0.5)*(I75+0.5+0.5)*J75 -> 0 | O75: 1
E76: V. | K76: =G76*H76*I76 -> 0 | L76: =(H76+I76)*2*J76*G76 -> 0 | M76: =G76*H76*I76*J76 -> 0 | N76: =G76*(H76+0.5+0.5)*(I76+0.5+0.5)*J76 -> 0 | O76: 1
E77: V. | K77: =G77*H77*I77 -> 0 | L77: =(H77+I77)*2*J77*G77 -> 0 | M77: =G77*H77*I77*J77 -> 0 | N77: =G77*(H77+0.5+0.5)*(I77+0.5+0.5)*J77 -> 0 | O77: 1
E78: V. | K78: =G78*H78*I78 -> 0 | L78: =(H78+I78)*2*J78*G78 -> 0 | M78: =G78*H78*I78*J78 -> 0 | N78: =G78*(H78+0.5+0.5)*(I78+0.5+0.5)*J78 -> 0 | O78: 1
E79: V. | K79: =G79*H79*I79 -> 0 | L79: =(H79+I79)*2*J79*G79 -> 0 | M79: =G79*H79*I79*J79 -> 0 | N79: =G79*(H79+0.5+0.5)*(I79+0.5+0.5)*J79 -> 0 | O79: 1
E80: V. | K80: =G80*H80*I80 -> 0 | L80: =(H80+I80)*2*J80*G80 -> 0 | M80: =G80*H80*I80*J80 -> 0 | N80: =G80*(H80+0.5+0.5)*(I80+0.5+0.5)*J80 -> 0 | O80: 1
E81: V. | K81: =G81*H81*I81 -> 0 | L81: =(H81+I81)*2*J81*G81 -> 0 | M81: =G81*H81*I81*J81 -> 0 | N81: =G81*(H81+0.5+0.5)*(I81+0.5+0.5)*J81 -> 0 | O81: 1
E82: V. | K82: =G82*H82*I82 -> 0 | L82: =(H82+I82)*2*J82*G82 -> 0 | M82: =G82*H82*I82*J82 -> 0 | N82: =G82*(H82+0.5+0.5)*(I82+0.5+0.5)*J82 -> 0 | O82: 1
E83: V. | K83: =G83*H83*I83 -> 0 | L83: =(H83+I83)*2*J83*G83 -> 0 | M83: =G83*H83*I83*J83 -> 0 | N83: =G83*(H83+0.5+0.5)*(I83+0.5+0.5)*J83 -> 0 | O83: 1
E84: V. | K84: =G84*H84*I84 -> 0 | L84: =(H84+I84)*2*J84*G84 -> 0 | M84: =G84*H84*I84*J84 -> 0 | N84: =G84*(H84+0.5+0.5)*(I84+0.5+0.5)*J84 -> 0 | O84: 1
E85: V. | K85: =G85*H85*I85 -> 0 | L85: =(H85+I85)*2*J85*G85 -> 0 | M85: =G85*H85*I85*J85 -> 0 | N85: =G85*(H85+0.5+0.5)*(I85+0.5+0.5)*J85 -> 0 | O85: 1
... E97: V. | K97: =G97*H97*I97 -> 0 | L97: =(H97+I97)*2*J97*G97 -> 0 | M97: =G97*H97*I97*J97 -> 0 | N97: =G97*(H97+0.5+0.5)*(I97+0.5+0.5)*J97 -> 0 | O97: 1
E98: SETOR B
E99: V. | K99: =G99*H99*I99 -> 0 | L99: =(H99+I99)*2*J99*G99 -> 0 | M99: =G99*H99*I99*J99 -> 0 | N99: =G99*(H99+0.5+0.5)*(I99+0.5+0.5)*J99 -> 0 | O99: 1
E100: V. | K100: =G100*H100*I100 -> 0 | L100: =(H100+I100)*2*J100*G100 -> 0 | M100: =G100*H100*I100*J100 -> 0 | N100: =G100*(H100+0.5+0.5)*(I100+0.5+0.5)*J100 -> 0 | O100: 1
E101: V. | K101: =G101*H101*I101 -> 0 | L101: =(H101+I101)*2*J101*G101 -> 0 | M101: =G101*H101*I101*J101 -> 0 | N101: =G101*(H101+0.5+0.5)*(I101+0.5+0.5)*J101 -> 0 | O101: 1
E102: V. | K102: =G102*H102*I102 -> 0 | L102: =(H102+I102)*2*J102*G102 -> 0 | M102: =G102*H102*I102*J102 -> 0 | N102: =G102*(H102+0.5+0.5)*(I102+0.5+0.5)*J102 -> 0 | O102: 1
E103: V. | K103: =G103*H103*I103 -> 0 | L103: =(H103+I103)*2*J103*G103 -> 0 | M103: =G103*H103*I103*J103 -> 0 | N103: =G103*(H103+0.5+0.5)*(I103+0.5+0.5)*J103 -> 0 | O103: 1
E104: V. | K104: =G104*H104*I104 -> 0 | L104: =(H104+I104)*2*J104*G104 -> 0 | M104: =G104*H104*I104*J104 -> 0 | N104: =G104*(H104+0.5+0.5)*(I104+0.5+0.5)*J104 -> 0 | O104: 1
E105: V. | K105: =G105*H105*I105 -> 0 | L105: =(H105+I105)*2*J105*G105 -> 0 | M105: =G105*H105*I105*J105 -> 0 | N105: =G105*(H105+0.5+0.5)*(I105+0.5+0.5)*J105 -> 0 | O105: 1
E106: V. | K106: =G106*H106*I106 -> 0 | L106: =(H106+I106)*2*J106*G106 -> 0 | M106: =G106*H106*I106*J106 -> 0 | N106: =G106*(H106+0.5+0.5)*(I106+0.5+0.5)*J106 -> 0 | O106: 1
E107: V. | K107: =G107*H107*I107 -> 0 | L107: =(H107+I107)*2*J107*G107 -> 0 | M107: =G107*H107*I107*J107 -> 0 | N107: =G107*(H107+0.5+0.5)*(I107+0.5+0.5)*J107 -> 0 | O107: 1
E108: V. | K108: =G108*H108*I108 -> 0 | L108: =(H108+I108)*2*J108*G108 -> 0 | M108: =G108*H108*I108*J108 -> 0 | N108: =G108*(H108+0.5+0.5)*(I108+0.5+0.5)*J108 -> 0 | O108: 1
E109: V. | K109: =G109*H109*I109 -> 0 | L109: =(H109+I109)*2*J109*G109 -> 0 | M109: =G109*H109*I109*J109 -> 0 | N109: =G109*(H109+0.5+0.5)*(I109+0.5+0.5)*J109 -> 0 | O109: 1
E110: V. | K110: =G110*H110*I110 -> 0 | L110: =(H110+I110)*2*J110*G110 -> 0 | M110: =G110*H110*I110*J110 -> 0 | N110: =G110*(H110+0.5+0.5)*(I110+0.5+0.5)*J110 -> 0 | O110: 1
... E122: V. | K122: =G122*H122*I122 -> 0 | L122: =(H122+I122)*2*J122*G122 -> 0 | M122: =G122*H122*I122*J122 -> 0 | N122: =G122*(H122+0.5+0.5)*(I122+0.5+0.5)*J122 -> 0 | O122: 1
E123: SETOR C
E124: V. | K124: =G124*H124*I124 -> 0 | L124: =(H124+I124)*2*J124*G124 -> 0 | M124: =G124*H124*I124*J124 -> 0 | N124: =G124*(H124+0.5+0.5)*(I124+0.5+0.5)*J124 -> 0 | O124: 1
E125: V. | K125: =G125*H125*I125 -> 0 | L125: =(H125+I125)*2*J125*G125 -> 0 | M125: =G125*H125*I125*J125 -> 0 | N125: =G125*(H125+0.5+0.5)*(I125+0.5+0.5)*J125 -> 0 | O125: 1
E126: V. | K126: =G126*H126*I126 -> 0 | L126: =(H126+I126)*2*J126*G126 -> 0 | M126: =G126*H126*I126*J126 -> 0 | N126: =G126*(H126+0.5+0.5)*(I126+0.5+0.5)*J126 -> 0 | O126: 1
E127: V. | K127: =G127*H127*I127 -> 0 | L127: =(H127+I127)*2*J127*G127 -> 0 | M127: =G127*H127*I127*J127 -> 0 | N127: =G127*(H127+0.5+0.5)*(I127+0.5+0.5)*J127 -> 0 | O127: 1
E128: V. | K128: =G128*H128*I128 -> 0 | L128: =(H128+I128)*2*J128*G128 -> 0 | M128: =G128*H128*I128*J128 -> 0 | N128: =G128*(H128+0.5+0.5)*(I128+0.5+0.5)*J128 -> 0 | O128: 1
E129: V. | K129: =G129*H129*I129 -> 0 | L129: =(H129+I129)*2*J129*G129 -> 0 | M129: =G129*H129*I129*J129 -> 0 | N129: =G129*(H129+0.5+0.5)*(I129+0.5+0.5)*J129 -> 0 | O129: 1
E130: V. | K130: =G130*H130*I130 -> 0 | L130: =(H130+I130)*2*J130*G130 -> 0 | M130: =G130*H130*I130*J130 -> 0 | N130: =G130*(H130+0.5+0.5)*(I130+0.5+0.5)*J130 -> 0 | O130: 1
E131: V. | K131: =G131*H131*I131 -> 0 | L131: =(H131+I131)*2*J131*G131 -> 0 | M131: =G131*H131*I131*J131 -> 0 | N131: =G131*(H131+0.5+0.5)*(I131+0.5+0.5)*J131 -> 0 | O131: 1
E132: V. | K132: =G132*H132*I132 -> 0 | L132: =(H132+I132)*2*J132*G132 -> 0 | M132: =G132*H132*I132*J132 -> 0 | N132: =G132*(H132+0.5+0.5)*(I132+0.5+0.5)*J132 -> 0 | O132: 1
E133: V. | K133: =G133*H133*I133 -> 0 | L133: =(H133+I133)*2*J133*G133 -> 0 | M133: =G133*H133*I133*J133 -> 0 | N133: =G133*(H133+0.5+0.5)*(I133+0.5+0.5)*J133 -> 0 | O133: 1
E134: V. | K134: =G134*H134*I134 -> 0 | L134: =(H134+I134)*2*J134*G134 -> 0 | M134: =G134*H134*I134*J134 -> 0 | N134: =G134*(H134+0.5+0.5)*(I134+0.5+0.5)*J134 -> 0 | O134: 1
E135: V. | K135: =G135*H135*I135 -> 0 | L135: =(H135+I135)*2*J135*G135 -> 0 | M135: =G135*H135*I135*J135 -> 0 | N135: =G135*(H135+0.5+0.5)*(I135+0.5+0.5)*J135 -> 0 | O135: 1
... E143: V. | K143: =G143*H143*I143 -> 0 | L143: =(H143+I143)*2*J143*G143 -> 0 | M143: =G143*H143*I143*J143 -> 0 | N143: =G143*(H143+0.5+0.5)*(I143+0.5+0.5)*J143 -> 0 | O143: 1
J144: TOTAL | K144: =SUM(K74:K143) -> 0 | L144: =SUM(L74:L143) -> 0 | M144: =SUM(M74:M143) -> 0 | N144: =SUM(N74:N143) -> 0 | O144: -
G145: CONCRETO PADRÃO (1) | K145: =M144-O145 -> 0 | L145: CONCRETO DIFERENCIADO (2) | O145: =SUMIF((O74:O143),2,(M74:M143)) -> 0
B147: BLOCOS E VIGAS BALDRAMES PARA PERFIL DE FUNDAÇÃO
C148: No ORDEM | D148: QUANT. | E148: B1 | F148: H1 | G148: B3 | H148: B2 | I148: H2 | J148: E | K148: LASTRO | L148: AREA FORMA | M148: VOL. CONCRETO | N148: VOL. ESCAVAÇÃO | O148: TIPO DE CONCRETO
B149: SETOR A
B150: V. | K150: =G150*H150*I150 -> 0 | L150: =(H150+I150)*2*J150*G150 -> 0 | M150: =G150*H150*I150*J150 -> 0 | N150: =G150*(H150+0.5+0.5)*(I150+0.5+0.5)*J150 -> 0 | O150: 1 | P150: =((E150+(E150+H150))/2)*F150 -> 0 | Q150: =((H150+(E150+H150))/2)*I150 -> 0 | R150: =(P150+Q150)*J150 -> 0
B151: V. | K151: =G151*H151*I151 -> 0 | L151: =(H151+I151)*2*J151*G151 -> 0 | M151: =G151*H151*I151*J151 -> 0 | N151: =G151*(H151+0.5+0.5)*(I151+0.5+0.5)*J151 -> 0 | O151: 1
B152: V. | K152: =G152*H152*I152 -> 0 | L152: =(H152+I152)*2*J152*G152 -> 0 | M152: =G152*H152*I152*J152 -> 0 | N152: =G152*(H152+0.5+0.5)*(I152+0.5+0.5)*J152 -> 0 | O152: 1
...

Sheet Vigas baldrames
A1: Atenta-se no movimento de terra, pois o acrescimo é de 0,50m para cada lado. Porém não deve sobrepor outra área. Caso haja necessidade, ajustar a fórmula somente do movimento de terra.
A3: VIGAS BALDRAMES PARA ESTACA HÉLICE
B4: No ORDEM | C4: QUANT. | D4: BASE DA VIGA | E4: ALT. VIGA | F4: COMPR. VIGA | G4: LASTRO | H4: AREA FORMA | I4: VOL. CONCRETO | J4: COMP. ESCAVADO | K4: LARG. ESCAVADA | L4: ALT. ESCAVADA | M4: VOL. ESCAVAÇÃO
A5: V. | G5: =C5*D5*F5 -> 0 | H5: =((E5*2*F5)+(D5*F5))*C5 -> 0 | I5: =C5*D5*E5*F5 -> 0 | M5: =J5*K5*L5 -> 0
A6: V. | G6: =C6*D6*F6 -> 0 | H6: =((E6*2*F6)+(D6*F6))*C6 -> 0 | I6: =C6*D6*E6*F6 -> 0 | M6: =J6*K6*L6 -> 0
A7: V. | G7: =C7*D7*F7 -> 0 | H7: =((E7*2*F7)+(D7*F7))*C7 -> 0 | I7: =C7*D7*E7*F7 -> 0 | M7: =J7*K7*L7 -> 0
A8: V. | G8: =C8*D8*F8 -> 0 | H8: =((E8*2*F8)+(D8*F8))*C8 -> 0 | I8: =C8*D8*E8*F8 -> 0 | M8: =J8*K8*L8 -> 0
A9: V. | G9: =C9*D9*F9 -> 0 | H9: =((E9*2*F9)+(D9*F9))*C9 -> 0 | I9: =C9*D9*E9*F9 -> 0 | M9: =J9*K9*L9 -> 0
A10: V. | G10: =C10*D10*F10 -> 0 | H10: =((E10*2*F10)+(D10*F10))*C10 -> 0 | I10: =C10*D10*E10*F10 -> 0 | M10: =J10*K10*L10 -> 0
A11: V. | G11: =C11*D11*F11 -> 0 | H11: =((E11*2*F11)+(D11*F11))*C11 -> 0 | I11: =C11*D11*E11*F11 -> 0 | M11: =J11*K11*L11 -> 0
A12: V. | G12: =C12*D12*F12 -> 0 | H12: =((E12*2*F12)+(D12*F12))*C12 -> 0 | I12: =C12*D12*E12*F12 -> 0 | M12: =J12*K12*L12 -> 0
A13: V. | G13: =C13*D13*F13 -> 0 | H13: =((E13*2*F13)+(D13*F13))*C13 -> 0 | I13: =C13*D13*E13*F13 -> 0 | M13: =J13*K13*L13 -> 0
A14: V. | G14: =C14*D14*F14 -> 0 | H14: =((E14*2*F14)+(D14*F14))*C14 -> 0 | I14: =C14*D14*E14*F14 -> 0 | M14: =J14*K14*L14 -> 0
A15: V. | G15: =C15*D15*F15 -> 0 | H15: =((E15*2*F15)+(D15*F15))*C15 -> 0 | I15: =C15*D15*E15*F15 -> 0 | M15: =J15*K15*L15 -> 0
A16: V. | G16: =C16*D16*F16 -> 0 | H16: =((E16*2*F16)+(D16*F16))*C16 -> 0 | I16: =C16*D16*E16*F16 -> 0 | M16: =J16*K16*L16 -> 0
... A54: V. | G54: =C54*D54*F54 -> 0 | H54: =((E54*2*F54)+(D54*F54))*C54 -> 0 | I54: =C54*D54*E54*F54 -> 0 | M54: =J54*K54*L54 -> 0
F55: TOTAL | G55: =SUM(G5:G54) -> 0 | H55: =SUM(H5:H54) -> 0 | I55: =SUM(I5:I54) -> 0 | M55: =SUM(M5:M54) -> 0
A57: VIGAS BALDRAMES PARA PERFIL DE FUNDAÇÃO
B58: No ORDEM | C58: QUANT. | D58: BASE DA VIGA | E58: ALT. VIGA | F58: COMPR. VIGA | G58: LASTRO | H58: AREA FORMA | I58: VOL. CONCRETO | J58: COMP. ESCAVADO | K58: LARG. ESCAVADA | L58: ALT. ESCAVADA | M58: VOL. ESCAVAÇÃO
A59: V. | G59: =C59*D59*F59 -> 0 | H59: =((E59*2*F59)+(D59*F59))*C59 -> 0 | I59: =C59*D59*E59*F59 -> 0 | M59: =J59*K59*L59 -> 0
A60: V. | G60: =C60*D60*F60 -> 0 | H60: =((E60*2*F60)+(D60*F60))*C60 -> 0 | I60: =C60*D60*E60*F60 -> 0 | M60: =J60*K60*L60 -> 0
A61: V. | G61: =C61*D61*F61 -> 0 | H61: =((E61*2*F61)+(D61*F61))*C61 -> 0 | I61: =C61*D61*E61*F61 -> 0 | M61: =J61*K61*L61 -> 0
A62: V. | G62: =C62*D62*F62 -> 0 | H62: =((E62*2*F62)+(D62*F62))*C62 -> 0 | I62: =C62*D62*E62*F62 -> 0 | M62: =J62*K62*L62 -> 0
A63: V. | G63: =C63*D63*F63 -> 0 | H63: =((E63*2*F63)+(D63*F63))*C63 -> 0 | I63: =C63*D63*E63*F63 -> 0 | M63: =J63*K63*L63 -> 0
A64: V. | G64: =C64*D64*F64 -> 0 | H64: =((E64*2*F64)+(D64*F64))*C64 -> 0 | I64: =C64*D64*E64*F64 -> 0 | M64: =J64*K64*L64 -> 0
A65: V. | G65: =C65*D65*F65 -> 0 | H65: =((E65*2*F65)+(D65*F65))*C65 -> 0 | I65: =C65*D65*E65*F65 -> 0 | M65: =J65*K65*L65 -> 0
A66: V. | G66: =C66*D66*F66 -> 0 | H66: =((E66*2*F66)+(D66*F66))*C66 -> 0 | I66: =C66*D66*E66*F66 -> 0 | M66: =J66*K66*L66 -> 0
A67: V. | G67: =C67*D67*F67 -> 0 | H67: =((E67*2*F67)+(D67*F67))*C67 -> 0 | I67: =C67*D67*E67*F67 -> 0 | M67: =J67*K67*L67 -> 0
A68: V. | G68: =C68*D68*F68 -> 0 | H68: =((E68*2*F68)+(D68*F68))*C68 -> 0 | I68: =C68*D68*E68*F68 -> 0 | M68: =J68*K68*L68 -> 0
A69: V. | G69: =C69*D69*F69 -> 0 | H69: =((E69*2*F69)+(D69*F69))*C69 -> 0 | I69: =C69*D69*E69*F69 -> 0 | M69: =J69*K69*L69 -> 0
A70: V. | G70: =C70*D70*F70 -> 0 | H70: =((E70*2*F70)+(D70*F70))*C70 -> 0 | I70: =C70*D70*E70*F70 -> 0 | M70: =J70*K70*L70 -> 0
... A108: V. | G108: =C108*D108*F108 -> 0 | H108: =((E108*2*F108)+(D108*F108))*C108 -> 0 | I108: =C108*D108*E108*F108 -> 0 | M108: =J108*K108*L108 -> 0
F109: TOTAL | G109: =SUM(G59:G108) -> 0 | H109: =SUM(H59:H108) -> 0 | I109: =SUM(I59:I108) -> 0 | M109: =SUM(M59:M108) -> 0
A111: VIGAS BALDRAMES PARA ESTACA STRAUSS
B112: No ORDEM | C112: QUANT. | D112: BASE DA VIGA | E112: ALT. VIGA | F112: COMPR. VIGA | G112: LASTRO | H112: AREA FORMA | I112: VOL. CONCRETO | J112: COMP. ESCAVADO | K112: LARG. ESCAVADA | L112: ALT. ESCAVADA | M112: VOL. ESCAVAÇÃO
A113: V. | G113: =C113*D113*F113 -> 0 | H113: =((E113*2*F113)+(D113*F113))*C113 -> 0 | I113: =C113*D113*E113*F113 -> 0 | M113: =J113*K113*L113 -> 0
A114: V. | G114: =C114*D114*F114 -> 0 | H114: =((E114*2*F114)+(D114*F114))*C114 -> 0 | I114: =C114*D114*E114*F114 -> 0 | M114: =J114*K114*L114 -> 0
A115: V. | G115: =C115*D115*F115 -> 0 | H115: =((E115*2*F115)+(D115*F115))*C115 -> 0 | I115: =C115*D115*E115*F115 -> 0 | M115: =J115*K115*L115 -> 0
A116: V. | G116: =C116*D116*F116 -> 0 | H116: =((E116*2*F116)+(D116*F116))*C116 -> 0 | I116: =C116*D116*E116*F116 -> 0 | M116: =J116*K116*L116 -> 0
A117: V. | G117: =C117*D117*F117 -> 0 | H117: =((E117*2*F117)+(D117*F117))*C117 -> 0 | I117: =C117*D117*E117*F117 -> 0 | M117: =J117*K117*L117 -> 0
A118: V. | G118: =C118*D118*F118 -> 0 | H118: =((E118*2*F118)+(D118*F118))*C118 -> 0 | I118: =C118*D118*E118*F118 -> 0 | M118: =J118*K118*L118 -> 0
A119: V. | G119: =C119*D119*F119 -> 0 | H119: =((E119*2*F119)+(D119*F119))*C119 -> 0 | I119: =C119*D119*E119*F119 -> 0 | M119: =J119*K119*L119 -> 0
A120: V. | G120: =C120*D120*F120 -> 0 | H120: =((E120*2*F120)+(D120*F120))*C120 -> 0 | I120: =C120*D120*E120*F120 -> 0 | M120: =J120*K120*L120 -> 0
A121: V. | G121: =C121*D121*F121 -> 0 | H121: =((E121*2*F121)+(D121*F121))*C121 -> 0 | I121: =C121*D121*E121*F121 -> 0 | M121: =J121*K121*L121 -> 0
A122: V. | G122: =C122*D122*F122 -> 0 | H122: =((E122*2*F122)+(D122*F122))*C122 -> 0 | I122: =C122*D122*E122*F122 -> 0 | M122: =J122*K122*L122 -> 0
A123: V. | G123: =C123*D123*F123 -> 0 | H123: =((E123*2*F123)+(D123*F123))*C123 -> 0 | I123: =C123*D123*E123*F123 -> 0 | M123: =J123*K123*L123 -> 0
A124: V. | G124: =C124*D124*F124 -> 0 | H124: =((E124*2*F124)+(D124*F124))*C124 -> 0 | I124: =C124*D124*E124*F124 -> 0 | M124: =J124*K124*L124 -> 0
... A162: V. | G162: =C162*D162*F162 -> 0 | H162: =((E162*2*F162)+(D162*F162))*C162 -> 0 | I162: =C162*D162*E162*F162 -> 0 | M162: =J162*K162*L162 -> 0
F163: TOTAL | G163: =SUM(G113:G162) -> 0 | H163: =SUM(H113:H162) -> 0 | I163: =SUM(I113:I162) -> 0 | M163: =SUM(M113:M162) -> 0
A165: VIGAS BALDRAMES PARA ESTACA BARRETE
B166: No ORDEM | C166: QUANT. | D166: BASE DA VIGA | E166: ALT. VIGA | F166: COMPR. VIGA | G166: LASTRO | H166: AREA FORMA | I166: VOL. CONCRETO | J166: COMP. ESCAVADO | K166: LARG. ESCAVADA | L166: ALT. ESCAVADA | M166: VOL. ESCAVAÇÃO
A167: V. | G167: =C167*D167*F167 -> 0 | H167: =((E167*2*F167)+(D167*F167))*C167 -> 0 | I167: =C167*D167*E167*F167 -> 0 | M167: =J167*K167*L167 -> 0
A168: V. | G168: =C168*D168*F168 -> 0 | H168: =((E168*2*F168)+(D168*F168))*C168 -> 0 | I168: =C168*D168*E168*F168 -> 0 | M168: =J168*K168*L168 -> 0
A169: V. | G169: =C169*D169*F169 -> 0 | H169: =((E169*2*F169)+(D169*F169))*C169 -> 0 | I169: =C169*D169*E169*F169 -> 0 | M169: =J169*K169*L169 -> 0
A170: V. | G170: =C170*D170*F170 -> 0 | H170: =((E170*2*F170)+(D170*F170))*C170 -> 0 | I170: =C170*D170*E170*F170 -> 0 | M170: =J170*K170*L170 -> 0
A171: V. | G171: =C171*D171*F171 -> 0 | H171: =((E171*2*F171)+(D171*F171))*C171 -> 0 | I171: =C171*D171*E171*F171 -> 0 | M171: =J171*K171*L171 -> 0
A172: V. | G172: =C172*D172*F172 -> 0 | H172: =((E172*2*F172)+(D172*F172))*C172 -> 0 | I172: =C172*D172*E172*F172 -> 0 | M172: =J172*K172*L172 -> 0
A173: V. | G173: =C173*D173*F173 -> 0 | H173: =((E173*2*F173)+(D173*F173))*C173 -> 0 | I173: =C173*D173*E173*F173 -> 0 | M173: =J173*K173*L173 -> 0
A174: V. | G174: =C174*D174*F174 -> 0 | H174: =((E174*2*F174)+(D174*F174))*C174 -> 0 | I174: =C174*D174*E174*F174 -> 0 | M174: =J174*K174*L174 -> 0
A175: V. | G175: =C175*D175*F175 -> 0 | H175: =((E175*2*F175)+(D175*F175))*C175 -> 0 | I175: =C175*D175*E175*F175 -> 0 | M175: =J175*K175*L175 -> 0
A176: V. | G176: =C176*D176*F176 -> 0 | H176: =((E176*2*F176)+(D176*F176))*C176 -> 0 | I176: =C176*D176*E176*F176 -> 0 | M176: =J176*K176*L176 -> 0
A177: V. | G177: =C177*D177*F177 -> 0 | H177: =((E177*2*F177)+(D177*F177))*C177 -> 0 | I177: =C177*D177*E177*F177 -> 0 | M177: =J177*K177*L177 -> 0
A178: V. | G178: =C178*D178*F178 -> 0 | H178: =((E178*2*F178)+(D178*F178))*C178 -> 0 | I178: =C178*D178*E178*F178 -> 0 | M178: =J178*K178*L178 -> 0
... A216: V. | G216: =C216*D216*F216 -> 0 | H216: =((E216*2*F216)+(D216*F216))*C216 -> 0 | I216: =C216*D216*E216*F216 -> 0 | M216: =J216*K216*L216 -> 0
F217: TOTAL | G217: =SUM(G167:G216) -> 0 | H217: =SUM(H167:H216) -> 0 | I217: =SUM(I167:I216) -> 0 | M217: =SUM(M167:M216) -> 0
A219: VIGAS BALDRAMES PARA ESTACA ESCAVADA
B220: No ORDEM | C220: QUANT. | D220: BASE DA VIGA | E220: ALT. VIGA | F220: COMPR. VIGA | G220: LASTRO | H220: AREA FORMA | I220: VOL. CONCRETO | J220: COMP. ESCAVADO | K220: LARG. ESCAVADA | L220: ALT. ESCAVADA | M220: VOL. ESCAVAÇÃO
A221: V. | G221: =C221*D221*F221 -> 0 | H221: =((E221*2*F221)+(D221*F221))*C221 -> 0 | I221: =C221*D221*E221*F221 -> 0 | M221: =J221*K221*L221 -> 0
A222: V. | G222: =C222*D222*F222 -> 0 | H222: =((E222*2*F222)+(D222*F222))*C222 -> 0 | I222: =C222*D222*E222*F222 -> 0 | M222: =J222*K222*L222 -> 0
A223: V. | G223: =C223*D223*F223 -> 0 | H223: =((E223*2*F223)+(D223*F223))*C223 -> 0 | I223: =C223*D223*E223*F223 -> 0 | M223: =J223*K223*L223 -> 0
A224: V. | G224: =C224*D224*F224 -> 0 | H224: =((E224*2*F224)+(D224*F224))*C224 -> 0 | I224: =C224*D224*E224*F224 -> 0 | M224: =J224*K224*L224 -> 0
A225: V. | G225: =C225*D225*F225 -> 0 | H225: =((E225*2*F225)+(D225*F225))*C225 -> 0 | I225: =C225*D225*E225*F225 -> 0 | M225: =J225*K225*L225 -> 0
A226: V. | G226: =C226*D226*F226 -> 0 | H226: =((E226*2*F226)+(D226*F226))*C226 -> 0 | I226: =C226*D226*E226*F226 -> 0 | M226: =J226*K226*L226 -> 0
A227: V. | G227: =C227*D227*F227 -> 0 | H227: =((E227*2*F227)+(D227*F227))*C227 -> 0 | I227: =C227*D227*E227*F227 -> 0 | M227: =J227*K227*L227 -> 0
A228: V. | G228: =C228*D228*F228 -> 0 | H228: =((E228*2*F228)+(D228*F228))*C228 -> 0 | I228: =C228*D228*E228*F228 -> 0 | M228: =J228*K228*L228 -> 0
A229: V. | G229: =C229*D229*F229 -> 0 | H229: =((E229*2*F229)+(D229*F229))*C229 -> 0 | I229: =C229*D229*E229*F229 -> 0 | M229: =J229*K229*L229 -> 0
A230: V. | G230: =C230*D230*F230 -> 0 | H230: =((E230*2*F230)+(D230*F230))*C230 -> 0 | I230: =C230*D230*E230*F230 -> 0 | M230: =J230*K230*L230 -> 0
A231: V. | G231: =C231*D231*F231 -> 0 | H231: =((E231*2*F231)+(D231*F231))*C231 -> 0 | I231: =C231*D231*E231*F231 -> 0 | M231: =J231*K231*L231 -> 0
A232: V. | G232: =C232*D232*F232 -> 0 | H232: =((E232*2*F232)+(D232*F232))*C232 -> 0 | I232: =C232*D232*E232*F232 -> 0 | M232: =J232*K232*L232 -> 0
... A270: V. | G270: =C270*D270*F270 -> 0 | H270: =((E270*2*F270)+(D270*F270))*C270 -> 0 | I270: =C270*D270*E270*F270 -> 0 | M270: =J270*K270*L270 -> 0
F271: TOTAL | G271: =SUM(G221:G270) -> 0 | H271: =SUM(H221:H270) -> 0 | I271: =SUM(I221:I270) -> 0 | M271: =SUM(M221:M270) -> 0
A273: VIGAS BALDRAMES PARA TUBULÃO
B274: No ORDEM | C274: QUANT. | D274: BASE DA VIGA | E274: ALT. VIGA | F274: COMPR. VIGA | G274: LASTRO | H274: AREA FORMA | I274: VOL. CONCRETO | J274: COMP. ESCAVADO | K274: LARG. ESCAVADA | L274: ALT. ESCAVADA | M274: VOL. ESCAVAÇÃO
A275: V. | G275: =C275*D275*F275 -> 0 | H275: =((E275*2*F275)+(D275*F275))*C275 -> 0 | I275: =C275*D275*E275*F275 -> 0 | M275: =J275*K275*L275 -> 0
A276: V. | G276: =C276*D276*F276 -> 0 | H276: =((E276*2*F276)+(D276*F276))*C276 -> 0 | I276: =C276*D276*E276*F276 -> 0 | M276: =J276*K276*L276 -> 0
A277: V. | G277: =C277*D277*F277 -> 0 | H277: =((E277*2*F277)+(D277*F277))*C277 -> 0 | I277: =C277*D277*E277*F277 -> 0 | M277: =J277*K277*L277 -> 0
A278: V. | G278: =C278*D278*F278 -> 0 | H278: =((E278*2*F278)+(D278*F278))*C278 -> 0 | I278: =C278*D278*E278*F278 -> 0 | M278: =J278*K278*L278 -> 0
A279: V. | G279: =C279*D279*F279 -> 0 | H279: =((E279*2*F279)+(D279*F279))*C279 -> 0 | I279: =C279*D279*E279*F279 -> 0 | M279: =J279*K279*L279 -> 0
A280: V. | G280: =C280*D280*F280 -> 0 | H280: =((E280*2*F280)+(D280*F280))*C280 -> 0 | I280: =C280*D280*E280*F280 -> 0 | M280: =J280*K280*L280 -> 0
A281: V. | G281: =C281*D281*F281 -> 0 | H281: =((E281*2*F281)+(D281*F281))*C281 -> 0 | I281: =C281*D281*E281*F281 -> 0 | M281: =J281*K281*L281 -> 0
A282: V. | G282: =C282*D282*F282 -> 0 | H282: =((E282*2*F282)+(D282*F282))*C282 -> 0 | I282: =C282*D282*E282*F282 -> 0 | M282: =J282*K282*L282 -> 0
A283: V. | G283: =C283*D283*F283 -> 0 | H283: =((E283*2*F283)+(D283*F283))*C283 -> 0 | I283: =C283*D283*E283*F283 -> 0 | M283: =J283*K283*L283 -> 0
A284: V. | G284: =C284*D284*F284 -> 0 | H284: =((E284*2*F284)+(D284*F284))*C284 -> 0 | I284: =C284*D284*E284*F284 -> 0 | M284: =J284*K284*L284 -> 0
A285: V. | G285: =C285*D285*F285 -> 0 | H285: =((E285*2*F285)+(D285*F285))*C285 -> 0 | I285: =C285*D285*E285*F285 -> 0 | M285: =J285*K285*L285 -> 0
A286: V. | G286: =C286*D286*F286 -> 0 | H286: =((E286*2*F286)+(D286*F286))*C286 -> 0 | I286: =C286*D286*E286*F286 -> 0 | M286: =J286*K286*L286 -> 0
... A324: V. | G324: =C324*D324*F324 -> 0 | H324: =((E324*2*F324)+(D324*F324))*C324 -> 0 | I324: =C324*D324*E324*F324 -> 0 | M324: =J324*K324*L324 -> 0
F325: TOTAL | G325: =SUM(G275:G324) -> 0 | H325: =SUM(H275:H324) -> 0 | I325: =SUM(I275:I324) -> 0 | M325: =SUM(M275:M324) -> 0
A327: VIGAS BALDRAMES PARA ESTACA PRÉ-MOLDADA
B328: No ORDEM | C328: QUANT. | D328: BASE DA VIGA | E328: ALT. VIGA | F328: COMPR. VIGA | G328: LASTRO | H328: AREA FORMA | I328: VOL. CONCRETO | J328: COMP. ESCAVADO | K328: LARG. ESCAVADA | L328: ALT. ESCAVADA | M328: VOL. ESCAVAÇÃO
A329: V. | G329: =C329*D329*F329 -> 0 | H329: =((E329*2*F329)+(D329*F329))*C329 -> 0 | I329: =C329*D329*E329*F329 -> 0 | M329: =J329*K329*L329 -> 0
...

Sheet Cortinas
B2: Atenta-se no movimento de terra, pois o acrescimo é de 0,50m para cada lado. Porém não deve sobrepor outra área. Caso haja necessidade, ajustar a fórmula somente do movimento de terra.
B3: LEVANTAMENTO DE CORTINA
C6: No ORDEM | D6: QUANT. | E6: BASE | F6: ALTURA | G6: COMPR. | H6: LASTRO | I6: AREA FORMA | J6: VOL. CONCRETO | K6: VOL. ESCAVAÇÃO
B7: V. | H7: =D7*E7*G7 -> 0 | I7: =((F7*2*G7)+(E7*G7))*D7 -> 0 | J7: =D7*E7*F7*G7 -> 0 | K7: =D7*(E7+0.5+0.5)*F7*(G7+0.5+0.5) -> 0
B8: V. | H8: =D8*E8*G8 -> 0 | I8: =((F8*2*G8)+(E8*G8))*D8 -> 0 | J8: =D8*E8*F8*G8 -> 0 | K8: =D8*(E8+0.5+0.5)*F8*(G8+0.5+0.5) -> 0
B9: V. | H9: =D9*E9*G9 -> 0 | I9: =((F9*2*G9)+(E9*G9))*D9 -> 0 | J9: =D9*E9*F9*G9 -> 0 | K9: =D9*(E9+0.5+0.5)*F9*(G9+0.5+0.5) -> 0
B10: V. | H10: =D10*E10*G10 -> 0 | I10: =((F10*2*G10)+(E10*G10))*D10 -> 0 | J10: =D10*E10*F10*G10 -> 0 | K10: =D10*(E10+0.5+0.5)*F10*(G10+0.5+0.5) -> 0
B11: V. | H11: =D11*E11*G11 -> 0 | I11: =((F11*2*G11)+(E11*G11))*D11 -> 0 | J11: =D11*E11*F11*G11 -> 0 | K11: =D11*(E11+0.5+0.5)*F11*(G11+0.5+0.5) -> 0
B12: V. | H12: =D12*E12*G12 -> 0 | I12: =((F12*2*G12)+(E12*G12))*D12 -> 0 | J12: =D12*E12*F12*G12 -> 0 | K12: =D12*(E12+0.5+0.5)*F12*(G12+0.5+0.5) -> 0
B13: V. | H13: =D13*E13*G13 -> 0 | I13: =((F13*2*G13)+(E13*G13))*D13 -> 0 | J13: =D13*E13*F13*G13 -> 0 | K13: =D13*(E13+0.5+0.5)*F13*(G13+0.5+0.5) -> 0
B14: V. | H14: =D14*E14*G14 -> 0 | I14: =((F14*2*G14)+(E14*G14))*D14 -> 0 | J14: =D14*E14*F14*G14 -> 0 | K14: =D14*(E14+0.5+0.5)*F14*(G14+0.5+0.5) -> 0
B15: V. | H15: =D15*E15*G15 -> 0 | I15: =((F15*2*G15)+(E15*G15))*D15 -> 0 | J15: =D15*E15*F15*G15 -> 0 | K15: =D15*(E15+0.5+0.5)*F15*(G15+0.5+0.5) -> 0
B16: V. | H16: =D16*E16*G16 -> 0 | I16: =((F16*2*G16)+(E16*G16))*D16 -> 0 | J16: =D16*E16*F16*G16 -> 0 | K16: =D16*(E16+0.5+0.5)*F16*(G16+0.5+0.5) -> 0
B17: V. | H17: =D17*E17*G17 -> 0 | I17: =((F17*2*G17)+(E17*G17))*D17 -> 0 | J17: =D17*E17*F17*G17 -> 0 | K17: =D17*(E17+0.5+0.5)*F17*(G17+0.5+0.5) -> 0
B18: V. | H18: =D18*E18*G18 -> 0 | I18: =((F18*2*G18)+(E18*G18))*D18 -> 0 | J18: =D18*E18*F18*G18 -> 0 | K18: =D18*(E18+0.5+0.5)*F18*(G18+0.5+0.5) -> 0
... B56: V. | H56: =D56*E56*G56 -> 0 | I56: =((F56*2*G56)+(E56*G56))*D56 -> 0 | J56: =D56*E56*F56*G56 -> 0 | K56: =D56*(E56+0.5+0.5)*F56*(G56+0.5+0.5) -> 0
G57: TOTAL | H57: =SUM(H7:H56) -> 0 | I57: =SUM(I7:I56) -> 0 | J57: =SUM(J7:J56) -> 0 | K57: =SUM(K7:K56) -> 0

Sheet Escada
B2: MEMORIA DE CALCULO PARA ESCADA - CONCRETO E FORMA
C3: 3° SS | H3: 2° SS | M3: 1° SS | R3: Térreo | W3: 1° Pav | AB3: 2° Pav | AG3: 3° Pav | AL3: 4° Pav | AQ3: Tipo Studios | AV3: Tipo Residencial | BA3: Lazer | BF3: Duplex Inferior | BK3: Duplex Superior | BP3: Casa de máquinas | BU3: Cobertura | BZ3: INTERNA
B5: DEGRAU | C5: D1 | D5: D2 | E5: D3 | F5: D4 | G5: TOTAL | H5: D1 | I5: D2 | J5: D3 | K5: D4 | L5: TOTAL | M5: D1 | N5: D2 | O5: D3 | P5: D4 | Q5: TOTAL | R5: D1 | S5: D2 | T5: D3 | U5: D4 | V5: TOTAL | W5: D1 | X5: D2 | Y5: D3 | Z5: D4 | AA5: TOTAL | AB5: D1 | AC5: D2 | AD5: D3 | AE5: D4 | AF5: TOTAL | AG5: D1 | AH5: D2 | AI5: D3 | AJ5: D4 | AK5: TOTAL | AL5: D1 | AM5: D2 | AN5: D3 | AO5: D4 | AP5: TOTAL | AQ5: D1 | AR5: D2 | AS5: D3 | AT5: D4 | AU5: TOTAL | AV5: D1 | AW5: D2 | AX5: D3 | AY5: D4 | AZ5: TOTAL | BA5: D1 | BB5: D2 | BC5: D3 | BD5: D4 | BE5: TOTAL | BF5: D1 | BG5: D2 | BH5: D3 | BI5: D4 | BJ5: TOTAL | BK5: D1 | BL5: D2 | BM5: D3 | BN5: D4 | BO5: TOTAL | BP5: D1 | BQ5: D2 | BR5: D3 | BS5: D4 | BT5: TOTAL | BU5: D1 | BV5: D2 | BW5: D3 | BX5: D4 | BY5: TOTAL | BZ5: D1 | CA5: D2 | CB5: D3 | CC5: TOTAL | CD5: D1 | CE5: D2 | CF5: D3 | CG5: D4
B6: No. DEGRAU | BA6: 0 | BB6: 0 | BC6: 0 | BD6: 0 | BF6: 0 | BG6: 0 | BH6: 0 | BI6: 0 | BK6: 0 | BL6: 0 | BM6: 0 | BN6: 0 | BP6: 0 | BQ6: 0 | BR6: 0 | BS6: 0 | BU6: 0 | BV6: 0 | BW6: 0 | BX6: 0 | BZ6: 0 | CA6: 0 | CB6: 0
B7: COMPR. | C7: 1.23 | D7: 1.36 | E7: 1.36 | F7: 1.36 | H7: 1.3 | I7: 1.3 | J7: 1.3 | K7: 1.36 | M7: 1.36 | N7: 1.36 | O7: 1.36 | P7: 1.36 | R7: 1.36 | S7: 1.36 | T7: 1.36 | U7: 1.36 | W7: 1.36 | X7: 1.36 | Y7: 1.36 | Z7: 1.36 | AB7: 1.36 | AC7: 1.36 | AD7: 1.36 | AE7: 1.36 | AG7: 1.36 | AH7: 1.36 | AI7: 1.36 | AJ7: 1.36 | AL7: 1.36 | AM7: 1.36 | AN7: 1.36 | AO7: 1.36 | AQ7: 1.36 | AR7: 1.36 | AS7: 1.36 | AT7: 1.36 | AV7: 1.36 | AW7: 1.36 | AX7: 1.36 | AY7: 1.36 | BA7: 1.36 | BB7: 1.36 | BC7: 1.36 | BD7: 1.36 | BF7: 1.36 | BG7: 1.36 | BH7: 1.36 | BI7: 1.36 | BK7: 1.36 | BL7: 1.36 | BM7: 1.36 | BN7: 1.36 | BP7: 1.36 | BQ7: 1.36 | BR7: 1.36 | BS7: 1.36 | BU7: 1.36 | BV7: 1.36 | BW7: 1.36 | BX7: 1.36 | BZ7: 1.36 | CA7: 1.36 | CB7: 1.36
B8: LARGURA | C8: 0.26 | D8: 0.28 | E8: 0.28 | F8: 0.28 | H8: 0.28 | I8: 0.3 | J8: 0.28 | K8: 0.28 | M8: 0.28 | N8: 0.28 | O8: 0.28 | P8: 0.28 | R8: 0.28 | S8: 0.28 | T8: 0.28 | U8: 0.28 | W8: 0.28 | X8: 0.28 | Y8: 0.28 | Z8: 0.28 | AB8: 0.28 | AC8: 0.28 | AD8: 0.28 | AE8: 0.28 | AG8: 0.28 | AH8: 0.28 | AI8: 0.28 | AJ8: 0.28 | AL8: 0.28 | AM8: 0.28 | AN8: 0.28 | AO8: 0.28 | AQ8: 0.28 | AR8: 0.28 | AS8: 0.28 | AT8: 0.28 | AV8: 0.28 | AW8: 0.28 | AX8: 0.28 | AY8: 0.28 | BA8: 0.28 | BB8: 0.28 | BC8: 0.28 | BD8: 0.28 | BF8: 0.28 | BG8: 0.28 | BH8: 0.28 | BI8: 0.28 | BK8: 0.28 | BL8: 0.28 | BM8: 0.28 | BN8: 0.28 | BP8: 0.28 | BQ8: 0.28 | BR8: 0.28 | BS8: 0.28 | BU8: 0.28 | BV8: 0.28 | BW8: 0.28 | BX8: 0.28 | BZ8: 0.28 | CA8: 0.28 | CB8: 0.28
B9: ESPELHO | C9: 0.19 | D9: 0.18 | E9: 0.18 | F9: 0.18 | H9: 0.18 | I9: 0.18 | J9: 0.18 | K9: 0.18 | M9: 0.18 | N9: 0.18 | O9: 0.18 | P9: 0.18 | R9: 0.18 | S9: 0.18 | T9: 0.18 | U9: 0.18 | W9: 0.18 | X9: 0.18 | Y9: 0.18 | Z9: 0.18 | AB9: 0.18 | AC9: 0.18 | AD9: 0.18 | AE9: 0.18 | AG9: 0.18 | AH9: 0.18 | AI9: 0.18 | AJ9: 0.18 | AL9: 0.18 | AM9: 0.18 | AN9: 0.18 | AO9: 0.18 | AQ9: 0.18 | AR9: 0.18 | AS9: 0.18 | AT9: 0.18 | AV9: 0.18 | AW9: 0.18 | AX9: 0.18 | AY9: 0.18 | BA9: 0.18 | BB9: 0.18 | BC9: 0.18 | BD9: 0.18 | BF9: 0.18 | BG9: 0.18 | BH9: 0.18 | BI9: 0.18 | BK9: 0.18 | BL9: 0.18 | BM9: 0.18 | BN9: 0.18 | BP9: 0.18 | BQ9: 0.18 | BR9: 0.18 | BS9: 0.18 | BU9: 0.18 | BV9: 0.18 | BW9: 0.18 | BX9: 0.18 | BZ9: 0.18 | CA9: 0.18 | CB9: 0.18
B10: VOL. PARCIAL (m3) | C10: =C7*C8*C9*C6 -> 0 | D10: =D7*D8*D9*D6 -> 0 | E10: =E7*E8*E9*E6 -> 0 | F10: =F7*F8*F9*F6 -> 0 | H10: =H7*H8*H9*H6 -> 0 | I10: =I7*I8*I9*I6 -> 0 | J10: =J7*J8*J9*J6 -> 0 | K10: =K7*K8*K9*K6 -> 0 | M10: =M7*M8*M9*M6 -> 0 | N10: =N7*N8*N9*N6 -> 0 | O10: =O7*O8*O9*O6 -> 0 | P10: =P7*P8*P9*P6 -> 0 | R10: =R7*R8*R9*R6 -> 0 | S10: =S7*S8*S9*S6 -> 0 | T10: =T7*T8*T9*T6 -> 0 | U10: =U7*U8*U9*U6 -> 0 | W10: =W7*W8*W9*W6 -> 0 | X10: =X7*X8*X9*X6 -> 0 | Y10: =Y7*Y8*Y9*Y6 -> 0 | Z10: =Z7*Z8*Z9*Z6 -> 0 | AB10: =AB7*AB8*AB9*AB6 -> 0 | AC10: =AC7*AC8*AC9*AC6 -> 0 | AD10: =AD7*AD8*AD9*AD6 -> 0 | AE10: =AE7*AE8*AE9*AE6 -> 0 | AG10: =AG7*AG8*AG9*AG6 -> 0 | AH10: =AH7*AH8*AH9*AH6 -> 0 | AI10: =AI7*AI8*AI9*AI6 -> 0 | AJ10: =AJ7*AJ8*AJ9*AJ6 -> 0 | AL10: =AL7*AL8*AL9*AL6 -> 0 | AM10: =AM7*AM8*AM9*AM6 -> 0 | AN10: =AN7*AN8*AN9*AN6 -> 0 | AO10: =AO7*AO8*AO9*AO6 -> 0 | AQ10: =AQ7*AQ8*AQ9*AQ6 -> 0 | AR10: =AR7*AR8*AR9*AR6 -> 0 | AS10: =AS7*AS8*AS9*AS6 -> 0 | AT10: =AT7*AT8*AT9*AT6 -> 0 | AV10: =AV7*AV8*AV9*AV6 -> 0 | AW10: =AW7*AW8*AW9*AW6 -> 0 | AX10: =AX7*AX8*AX9*AX6 -> 0 | AY10: =AY7*AY8*AY9*AY6 -> 0 | BA10: =BA7*BA8*BA9*BA6 -> 0 | BB10: =BB7*BB8*BB9*BB6 -> 0 | BC10: =BC7*BC8*BC9*BC6 -> 0 | BD10: =BD7*BD8*BD9*BD6 -> 0 | BF10: =BF7*BF8*BF9*BF6 -> 0 | BG10: =BG7*BG8*BG9*BG6 -> 0 | BH10: =BH7*BH8*BH9*BH6 -> 0 | BI10: =BI7*BI8*BI9*BI6 -> 0 | BK10: =BK7*BK8*BK9*BK6 -> 0 | BL10: =BL7*BL8*BL9*BL6 -> 0 | BM10: =BM7*BM8*BM9*BM6 -> 0 | BN10: =BN7*BN8*BN9*BN6 -> 0 | BP10: =BP7*BP8*BP9*BP6 -> 0 | BQ10: =BQ7*BQ8*BQ9*BQ6 -> 0 | BR10: =BR7*BR8*BR9*BR6 -> 0 | BS10: =BS7*BS8*BS9*BS6 -> 0 | BU10: =BU7*BU8*BU9*BU6 -> 0 | BV10: =BV7*BV8*BV9*BV6 -> 0 | BW10: =BW7*BW8*BW9*BW6 -> 0 | BX10: =BX7*BX8*BX9*BX6 -> 0 | BZ10: =BZ7*BZ8*BZ9*BZ6 -> 0 | CA10: =CA7*CA8*CA9*CA6 -> 0 | CB10: =CB7*CB8*CB9*CB6 -> 0 | CD10: =CD7*CD8*CD9*CD6 -> 0 | CE10: =CE7*CE8*CE9*CE6 -> 0 | CF10: =CF7*CF8*CF9*CF6 -> 0 | CG10: =CG7*CG8*CG9*CG6 -> 0
B11: VOL. REAL (m3) | C11: =C10/2 -> 0 | D11: =D10/2 -> 0 | E11: =E10/2 -> 0 | F11: =F10/2 -> 0 | G11: =SUM(C11:F11) -> 0 | H11: =H10/2 -> 0 | I11: =I10/2 -> 0 | J11: =J10/2 -> 0 | K11: =K10/2 -> 0 | L11: =SUM(H11:K11) -> 0 | M11: =M10/2 -> 0 | N11: =N10/2 -> 0 | O11: =O10/2 -> 0 | P11: =P10/2 -> 0 | Q11: =SUM(M11:P11) -> 0 | R11: =R10/2 -> 0 | S11: =S10/2 -> 0 | T11: =T10/2 -> 0 | U11: =U10/2 -> 0 | V11: =SUM(R11:U11) -> 0 | W11: =W10/2 -> 0 | X11: =X10/2 -> 0 | Y11: =Y10/2 -> 0 | Z11: =Z10/2 -> 0 | AA11: =SUM(W11:Z11) -> 0 | AB11: =AB10/2 -> 0 | AC11: =AC10/2 -> 0 | AD11: =AD10/2 -> 0 | AE11: =AE10/2 -> 0 | AF11: =SUM(AB11:AE11) -> 0 | AG11: =AG10/2 -> 0 | AH11: =AH10/2 -> 0 | AI11: =AI10/2 -> 0 | AJ11: =AJ10/2 -> 0 | AK11: =SUM(AG11:AJ11) -> 0 | AL11: =AL10/2 -> 0 | AM11: =AM10/2 -> 0 | AN11: =AN10/2 -> 0 | AO11: =AO10/2 -> 0 | AP11: =SUM(AL11:AO11) -> 0 | AQ11: =AQ10/2 -> 0 | AR11: =AR10/2 -> 0 | AS11: =AS10/2 -> 0 | AT11: =AT10/2 -> 0 | AU11: =SUM(AQ11:AT11) -> 0 | AV11: =AV10/2 -> 0 | AW11: =AW10/2 -> 0 | AX11: =AX10/2 -> 0 | AY11: =AY10/2 -> 0 | AZ11: =SUM(AV11:AY11) -> 0 | BA11: =BA10/2 -> 0 | BB11: =BB10/2 -> 0 | BC11: =BC10/2 -> 0 | BD11: =BD10/2 -> 0 | BE11: =SUM(BA11:BD11) -> 0 | BF11: =BF10/2 -> 0 | BG11: =BG10/2 -> 0 | BH11: =BH10/2 -> 0 | BI11: =BI10/2 -> 0 | BJ11: =SUM(BF11:BI11) -> 0 | BK11: =BK10/2 -> 0 | BL11: =BL10/2 -> 0 | BM11: =BM10/2 -> 0 | BN11: =BN10/2 -> 0 | BO11: =SUM(BK11:BN11) -> 0 | BP11: =BP10/2 -> 0 | BQ11: =BQ10/2 -> 0 | BR11: =BR10/2 -> 0 | BS11: =BS10/2 -> 0 | BT11: =SUM(BP11:BS11) -> 0 | BU11: =BU10/2 -> 0 | BV11: =BV10/2 -> 0 | BW11: =BW10/2 -> 0 | BX11: =BX10/2 -> 0 | BY11: =SUM(BU11:BX11) -> 0 | BZ11: =BZ10/2 -> 0 | CA11: =CA10/2 -> 0 | CB11: =CB10/2 -> 0 | CC11: =SUM(BZ11:CB11) -> 0 | CD11: =CD10/2 -> 0 | CE11: =CE10/2 -> 0 | CF11: =CF10/2 -> 0 | CG11: =CG10/2 -> 0
B12: ÁREA REAL (m2) | C12: =C7*C9*C6 -> 0 | D12: =D7*D9*D6 -> 0 | E12: =E7*E9*E6 -> 0 | F12: =F7*F9*F6 -> 0 | G12: =SUM(C12:F12) -> 0 | H12: =H7*H9*H6 -> 0 | I12: =I7*I9*I6 -> 0 | J12: =J7*J9*J6 -> 0 | K12: =K7*K9*K6 -> 0 | L12: =SUM(H12:K12) -> 0 | M12: =M7*M9*M6 -> 0 | N12: =N7*N9*N6 -> 0 | O12: =O7*O9*O6 -> 0 | P12: =P7*P9*P6 -> 0 | Q12: =SUM(M12:P12) -> 0 | R12: =R7*R9*R6 -> 0 | S12: =S7*S9*S6 -> 0 | T12: =T7*T9*T6 -> 0 | U12: =U7*U9*U6 -> 0 | V12: =SUM(R12:U12) -> 0 | W12: =W7*W9*W6 -> 0 | X12: =X7*X9*X6 -> 0 | Y12: =Y7*Y9*Y6 -> 0 | Z12: =Z7*Z9*Z6 -> 0 | AA12: =SUM(W12:Z12) -> 0 | AB12: =AB7*AB9*AB6 -> 0 | AC12: =AC7*AC9*AC6 -> 0 | AD12: =AD7*AD9*AD6 -> 0 | AE12: =AE7*AE9*AE6 -> 0 | AF12: =SUM(AB12:AE12) -> 0 | AG12: =AG7*AG9*AG6 -> 0 | AH12: =AH7*AH9*AH6 -> 0 | AI12: =AI7*AI9*AI6 -> 0 | AJ12: =AJ7*AJ9*AJ6 -> 0 | AK12: =SUM(AG12:AJ12) -> 0 | AL12: =AL7*AL9*AL6 -> 0 | AM12: =AM7*AM9*AM6 -> 0 | AN12: =AN7*AN9*AN6 -> 0 | AO12: =AO7*AO9*AO6 -> 0 | AP12: =SUM(AL12:AO12) -> 0 | AQ12: =AQ7*AQ9*AQ6 -> 0 | AR12: =AR7*AR9*AR6 -> 0 | AS12: =AS7*AS9*AS6 -> 0 | AT12: =AT7*AT9*AT6 -> 0 | AU12: =SUM(AQ12:AT12) -> 0 | AV12: =AV7*AV9*AV6 -> 0 | AW12: =AW7*AW9*AW6 -> 0 | AX12: =AX7*AX9*AX6 -> 0 | AY12: =AY7*AY9*AY6 -> 0 | AZ12: =SUM(AV12:AY12) -> 0 | BA12: =BA7*BA9*BA6 -> 0 | BB12: =BB7*BB9*BB6 -> 0 | BC12: =BC7*BC9*BC6 -> 0 | BD12: =BD7*BD9*BD6 -> 0 | BE12: =SUM(BA12:BD12) -> 0 | BF12: =BF7*BF9*BF6 -> 0 | BG12: =BG7*BG9*BG6 -> 0 | BH12: =BH7*BH9*BH6 -> 0 | BI12: =BI7*BI9*BI6 -> 0 | BJ12: =SUM(BF12:BI12) -> 0 | BK12: =BK7*BK9*BK6 -> 0 | BL12: =BL7*BL9*BL6 -> 0 | BM12: =BM7*BM9*BM6 -> 0 | BN12: =BN7*BN9*BN6 -> 0 | BO12: =SUM(BK12:BN12) -> 0 | BP12: =BP7*BP9*BP6 -> 0 | BQ12: =BQ7*BQ9*BQ6 -> 0 | BR12: =BR7*BR9*BR6 -> 0 | BS12: =BS7*BS9*BS6 -> 0 | BT12: =SUM(BP12:BS12) -> 0 | BU12: =BU7*BU9*BU6 -> 0 | BV12: =BV7*BV9*BV6 -> 0 | BW12: =BW7*BW9*BW6 -> 0 | BX12: =BX7*BX9*BX6 -> 0 | BY12: =SUM(BU12:BX12) -> 0 | BZ12: =BZ7*BZ9*BZ6 -> 0 | CA12: =CA7*CA9*CA6 -> 0 | CB12: =CB7*CB9*CB6 -> 0 | CC12: =SUM(BZ12:CB12) -> 0 | CD12: =CD7*CD9*CD6 -> 0 | CE12: =CE7*CE9*CE6 -> 0 | CF12: =CF7*CF9*CF6 -> 0 | CG12: =CG7*CG9*CG6 -> 0
B13: LAJE DE APOIO | C13: L.A.1 | D13: L.A.2 | E13: L.A.3 | F13: L.A.4 | G13: TOTAL | H13: L.A.1 | I13: L.A.2 | J13: L.A.3 | K13: L.A.4 | L13: TOTAL | M13: L.A.1 | N13: L.A.2 | O13: L.A.3 | P13: L.A.4 | Q13: TOTAL | R13: L.A.1 | S13: L.A.2 | T13: L.A.3 | U13: L.A.4 | V13: TOTAL | W13: L.A.1 | X13: L.A.2 | Y13: L.A.3 | Z13: L.A.4 | AA13: TOTAL | AB13: L.A.1 | AC13: L.A.2 | AD13: L.A.3 | AE13: L.A.4 | AF13: TOTAL | AG13: L.A.1 | AH13: L.A.2 | AI13: L.A.3 | AJ13: L.A.4 | AK13: TOTAL | AL13: L.A.1 | AM13: L.A.2 | AN13: L.A.3 | AO13: L.A.4 | AP13: TOTAL | AQ13: L.A.1 | AR13: L.A.2 | AS13: L.A.3 | AT13: L.A.4 | AU13: TOTAL | AV13: L.A.1 | AW13: L.A.2 | AX13: L.A.3 | AY13: L.A.4 | AZ13: TOTAL | BA13: L.A.1 | BB13: L.A.2 | BC13: L.A.3 | BD13: L.A.4 | BE13: TOTAL | BF13: L.A.1 | BG13: L.A.2 | BH13: L.A.3 | BI13: L.A.4 | BJ13: TOTAL | BK13: L.A.1 | BL13: L.A.2 | BM13: L.A.3 | BN13: L.A.4 | BO13: TOTAL | BP13: L.A.1 | BQ13: L.A.2 | BR13: L.A.3 | BS13: L.A.4 | BT13: TOTAL | BU13: L.A.1 | BV13: L.A.2 | BW13: L.A.3 | BX13: L.A.4 | BY13: TOTAL | BZ13: L.A.1 | CA13: L.A.2 | CB13: L.A.3 | CC13: TOTAL | CD13: L.A.1 | CE13: L.A.2 | CF13: L.A.3 | CG13: L.A.4
B14: QUANT. (q) | K14: 0 | M14: 0 | N14: 0 | O14: 0 | P14: 0 | R14: 0 | S14: 0 | T14: 0 | U14: 0 | W14: 0 | X14: 0 | Y14: 0 | Z14: 0 | AB14: 0 | AC14: 0 | AD14: 0 | AE14: 0 | AG14: 0 | AH14: 0 | AI14: 0 | AJ14: 0 | AL14: 0 | AM14: 0 | AN14: 0 | AO14: 0 | AQ14: 0 | AR14: 0 | AS14: 0 | AT14: 0 | AV14: 0 | AW14: 0 | AX14: 0 | AY14: 0 | BA14: 0 | BB14: 0 | BC14: 0 | BD14: 0 | BF14: 0 | BG14: 0 | BH14: 0 | BI14: 0 | BK14: 0 | BL14: 0 | BM14: 0 | BN14: 0 | BP14: 0 | BQ14: 0 | BR14: 0 | BS14: 0 | BU14: 0 | BV14: 0 | BW14: 0 | BX14: 0 | BZ14: 0 | CA14: 0 | CB14: 0
B15: ALTURA (a) | C15: 3.6 | D15: 1.8 | E15: 1.8 | F15: 1.8 | H15: 0.57 | I15: 1.98 | J15: 0.56 | K15: 1.8 | M15: 1.8 | N15: 1.8 | O15: 1.8 | P15: 1.8 | R15: 1.8 | S15: 1.8 | T15: 1.8 | U15: 1.8 | W15: 1.8 | X15: 1.8 | Y15: 1.8 | Z15: 1.8 | AB15: 1.8 | AC15: 1.8 | AD15: 1.8 | AE15: 1.8 | AG15: 1.8 | AH15: 1.8 | AI15: 1.8 | AJ15: 1.8 | AL15: 1.8 | AM15: 1.8 | AN15: 1.8 | AO15: 1.8 | AQ15: 1.8 | AR15: 1.8 | AS15: 1.8 | AT15: 1.8 | AV15: 1.8 | AW15: 1.8 | AX15: 1.8 | AY15: 1.8 | BA15: 1.8 | BB15: 1.8 | BC15: 1.8 | BD15: 1.8 | BF15: 1.8 | BG15: 1.8 | BH15: 1.8 | BI15: 1.8 | BK15: 1.8 | BL15: 1.8 | BM15: 1.8 | BN15: 1.8 | BP15: 1.8 | BQ15: 1.8 | BR15: 1.8 | BS15: 1.8 | BU15: 1.8 | BV15: 1.8 | BW15: 1.8 | BX15: 1.8 | BZ15: 1.8 | CA15: 1.8 | CB15: 1.8
B16: PROJEÇÃO (b) | C16: 4.69 | D16: 2.95 | E16: 2.95 | F16: 2.95 | H16: 0.88 | I16: 3.08 | J16: 2.95 | K16: 2.95 | M16: 2.95 | N16: 2.95 | O16: 2.95 | P16: 2.95 | R16: 2.95 | S16: 2.95 | T16: 2.95 | U16: 2.95 | W16: 2.95 | X16: 2.95 | Y16: 2.95 | Z16: 2.95 | AB16: 2.95 | AC16: 2.95 | AD16: 2.95 | AE16: 2.95 | AG16: 2.95 | AH16: 2.95 | AI16: 2.95 | AJ16: 2.95 | AL16: 2.95 | AM16: 2.95 | AN16: 2.95 | AO16: 2.95 | AQ16: 2.95 | AR16: 2.95 | AS16: 2.95 | AT16: 2.95 | AV16: 2.95 | AW16: 2.95 | AX16: 2.95 | AY16: 2.95 | BA16: 2.95 | BB16: 2.95 | BC16: 2.95 | BD16: 2.95 | BF16: 2.95 | BG16: 2.95 | BH16: 2.95 | BI16: 2.95 | BK16: 2.95 | BL16: 2.95 | BM16: 2.95 | BN16: 2.95 | BP16: 2.95 | BQ16: 2.95 | BR16: 2.95 | BS16: 2.95 | BU16: 2.95 | BV16: 2.95 | BW16: 2.95 | BX16: 2.95 | BZ16: 2.95 | CA16: 2.95 | CB16: 2.95
B17: COMPR. (c) | C17: =SQRT(C15^2+C16^2) -> 5.9123684 | D17: =SQRT(D15^2+D16^2) -> 3.4557922 | E17: =SQRT(E15^2+E16^2) -> 3.4557922 | F17: =SQRT(F15^2+F16^2) -> 3.4557922 | H17: =SQRT(H15^2+H16^2) -> 1.0484751 | I17: =SQRT(I15^2+I16^2) -> 3.6615297 | J17: =SQRT(J15^2+J16^2) -> 3.0026821 | K17: =SQRT(K15^2+K16^2) -> 3.4557922 | M17: =SQRT(M15^2+M16^2) -> 3.4557922 | N17: =SQRT(N15^2+N16^2) -> 3.4557922 | O17: =SQRT(O15^2+O16^2) -> 3.4557922 | P17: =SQRT(P15^2+P16^2) -> 3.4557922 | R17: =SQRT(R15^2+R16^2) -> 3.4557922 | S17: =SQRT(S15^2+S16^2) -> 3.4557922 | T17: =SQRT(T15^2+T16^2) -> 3.4557922 | U17: =SQRT(U15^2+U16^2) -> 3.4557922 | W17: =SQRT(W15^2+W16^2) -> 3.4557922 | X17: =SQRT(X15^2+X16^2) -> 3.4557922 | Y17: =SQRT(Y15^2+Y16^2) -> 3.4557922 | Z17: =SQRT(Z15^2+Z16^2) -> 3.4557922 | AB17: =SQRT(AB15^2+AB16^2) -> 3.4557922 | AC17: =SQRT(AC15^2+AC16^2) -> 3.4557922 | AD17: =SQRT(AD15^2+AD16^2) -> 3.4557922 | AE17: =SQRT(AE15^2+AE16^2) -> 3.4557922 | AG17: =SQRT(AG15^2+AG16^2) -> 3.4557922 | AH17: =SQRT(AH15^2+AH16^2) -> 3.4557922 | AI17: =SQRT(AI15^2+AI16^2) -> 3.4557922 | AJ17: =SQRT(AJ15^2+AJ16^2) -> 3.4557922 | AL17: =SQRT(AL15^2+AL16^2) -> 3.4557922 | AM17: =SQRT(AM15^2+AM16^2) -> 3.4557922 | AN17: =SQRT(AN15^2+AN16^2) -> 3.4557922 | AO17: =SQRT(AO15^2+AO16^2) -> 3.4557922 | AQ17: =SQRT(AQ15^2+AQ16^2) -> 3.4557922 | AR17: =SQRT(AR15^2+AR16^2) -> 3.4557922 | AS17: =SQRT(AS15^2+AS16^2) -> 3.4557922 | AT17: =SQRT(AT15^2+AT16^2) -> 3.4557922 | AV17: =SQRT(AV15^2+AV16^2) -> 3.4557922 | AW17: =SQRT(AW15^2+AW16^2) -> 3.4557922 | AX17: =SQRT(AX15^2+AX16^2) -> 3.4557922 | AY17: =SQRT(AY15^2+AY16^2) -> 3.4557922 | BA17: =SQRT(BA15^2+BA16^2) -> 3.4557922 | BB17: =SQRT(BB15^2+BB16^2) -> 3.4557922 | BC17: =SQRT(BC15^2+BC16^2) -> 3.4557922 | BD17: =SQRT(BD15^2+BD16^2) -> 3.4557922 | BF17: =SQRT(BF15^2+BF16^2) -> 3.4557922 | BG17: =SQRT(BG15^2+BG16^2) -> 3.4557922 | BH17: =SQRT(BH15^2+BH16^2) -> 3.4557922 | BI17: =SQRT(BI15^2+BI16^2) -> 3.4557922 | BK17: =SQRT(BK15^2+BK16^2) -> 3.4557922 | BL17: =SQRT(BL15^2+BL16^2) -> 3.4557922 | BM17: =SQRT(BM15^2+BM16^2) -> 3.4557922 | BN17: =SQRT(BN15^2+BN16^2) -> 3.4557922 | BP17: =SQRT(BP15^2+BP16^2) -> 3.4557922 | BQ17: =SQRT(BQ15^2+BQ16^2) -> 3.4557922 | BR17: =SQRT(BR15^2+BR16^2) -> 3.4557922 | BS17: =SQRT(BS15^2+BS16^2) -> 3.4557922 | BU17: =SQRT(BU15^2+BU16^2) -> 3.4557922 | BV17: =SQRT(BV15^2+BV16^2) -> 3.4557922 | BW17: =SQRT(BW15^2+BW16^2) -> 3.4557922 | BX17: =SQRT(BX15^2+BX16^2) -> 3.4557922 | BZ17: =SQRT(BZ15^2+BZ16^2) -> 3.4557922 | CA17: =SQRT(CA15^2+CA16^2) -> 3.4557922 | CB17: =SQRT(CB15^2+CB16^2) -> 3.4557922 | CD17: =SQRT(CD15^2+CD16^2) -> 0 | CE17: =SQRT(CE15^2+CE16^2) -> 0 | CF17: =SQRT(CF15^2+CF16^2) -> 0 | CG17: =SQRT(CG15^2+CG16^2) -> 0
B18: LARGURA (d) | C18: 1.23 | D18: 1.21 | E18: 1.21 | F18: 1.21 | H18: 1.3 | I18: 1.3 | J18: 1.3 | K18: 1.21 | M18: 1.21 | N18: 1.21 | O18: 1.21 | P18: 1.21 | R18: 1.21 | S18: 1.21 | T18: 1.21 | U18: 1.21 | W18: 1.21 | X18: 1.21 | Y18: 1.21 | Z18: 1.21 | AB18: 1.21 | AC18: 1.21 | AD18: 1.21 | AE18: 1.21 | AG18: 1.21 | AH18: 1.21 | AI18: 1.21 | AJ18: 1.21 | AL18: 1.21 | AM18: 1.21 | AN18: 1.21 | AO18: 1.21 | AQ18: 1.21 | AR18: 1.21 | AS18: 1.21 | AT18: 1.21 | AV18: 1.21 | AW18: 1.21 | AX18: 1.21 | AY18: 1.21 | BA18: 1.21 | BB18: 1.21 | BC18: 1.21 | BD18: 1.21 | BF18: 1.21 | BG18: 1.21 | BH18: 1.21 | BI18: 1.21 | BK18: 1.21 | BL18: 1.21 | BM18: 1.21 | BN18: 1.21 | BP18: 1.21 | BQ18: 1.21 | BR18: 1.21 | BS18: 1.21 | BU18: 1.21 | BV18: 1.21 | BW18: 1.21 | BX18: 1.21 | BZ18: 1.21 | CA18: 1.21 | CB18: 1.21
B19: ESPESSURA (e) | C19: 0.17 | D19: 0.1 | E19: 0.1 | F19: 0.1 | H19: 0.14 | I19: 0.14 | J19: 0.14 | K19: 0.1 | M19: 0.1 | N19: 0.1 | O19: 0.1 | P19: 0.1 | R19: 0.1 | S19: 0.1 | T19: 0.1 | U19: 0.1 | W19: 0.1 | X19: 0.1 | Y19: 0.1 | Z19: 0.1 | AB19: 0.1 | AC19: 0.1 | AD19: 0.1 | AE19: 0.1 | AG19: 0.1 | AH19: 0.1 | AI19: 0.1 | AJ19: 0.1 | AL19: 0.1 | AM19: 0.1 | AN19: 0.1 | AO19: 0.1 | AQ19: 0.1 | AR19: 0.1 | AS19: 0.1 | AT19: 0.1 | AV19: 0.1 | AW19: 0.1 | AX19: 0.1 | AY19: 0.1 | BA19: 0.1 | BB19: 0.1 | BC19: 0.1 | BD19: 0.1 | BF19: 0.1 | BG19: 0.1 | BH19: 0.1 | BI19: 0.1 | BK19: 0.1 | BL19: 0.1 | BM19: 0.1 | BN19: 0.1 | BP19: 0.1 | BQ19: 0.1 | BR19: 0.1 | BS19: 0.1 | BU19: 0.1 | BV19: 0.1 | BW19: 0.1 | BX19: 0.1 | BZ19: 0.1 | CA19: 0.1 | CB19: 0.1
B20: VOL.REAL (c x d x e x q) (m3) | C20: =C17*C18*C19*C14 -> 0 | D20: =D17*D18*D19*D14 -> 0 | E20: =E17*E18*E19*E14 -> 0 | F20: =F17*F18*F19*F14 -> 0 | G20: =SUM(C20:F20) -> 0 | H20: =H17*H18*H19*H14 -> 0 | I20: =I17*I18*I19*I14 -> 0 | J20: =J17*J18*J19*J14 -> 0 | K20: =K17*K18*K19*K14 -> 0 | L20: =SUM(H20:K20) -> 0 | M20: =M17*M18*M19*M14 -> 0 | N20: =N17*N18*N19*N14 -> 0 | O20: =O17*O18*O19*O14 -> 0 | P20: =P17*P18*P19*P14 -> 0 | Q20: =SUM(M20:P20) -> 0 | R20: =R17*R18*R19*R14 -> 0 | S20: =S17*S18*S19*S14 -> 0 | T20: =T17*T18*T19*T14 -> 0 | U20: =U17*U18*U19*U14 -> 0 | V20: =SUM(R20:U20) -> 0 | W20: =W17*W18*W19*W14 -> 0 | X20: =X17*X18*X19*X14 -> 0 | Y20: =Y17*Y18*Y19*Y14 -> 0 | Z20: =Z17*Z18*Z19*Z14 -> 0 | AA20: =SUM(W20:Z20) -> 0 | AB20: =AB17*AB18*AB19*AB14 -> 0 | AC20: =AC17*AC18*AC19*AC14 -> 0 | AD20: =AD17*AD18*AD19*AD14 -> 0 | AE20: =AE17*AE18*AE19*AE14 -> 0 | AF20: =SUM(AB20:AE20) -> 0 | AG20: =AG17*AG18*AG19*AG14 -> 0 | AH20: =AH17*AH18*AH19*AH14 -> 0 | AI20: =AI17*AI18*AI19*AI14 -> 0 | AJ20: =AJ17*AJ18*AJ19*AJ14 -> 0 | AK20: =SUM(AG20:AJ20) -> 0 | AL20: =AL17*AL18*AL19*AL14 -> 0 | AM20: =AM17*AM18*AM19*AM14 -> 0 | AN20: =AN17*AN18*AN19*AN14 -> 0 | AO20: =AO17*AO18*AO19*AO14 -> 0 | AP20: =SUM(AL20:AO20) -> 0 | AQ20: =AQ17*AQ18*AQ19*AQ14 -> 0 | AR20: =AR17*AR18*AR19*AR14 -> 0 | AS20: =AS17*AS18*AS19*AS14 -> 0 | AT20: =AT17*AT18*AT19*AT14 -> 0 | AU20: =SUM(AQ20:AT20) -> 0 | AV20: =AV17*AV18*AV19*AV14 -> 0 | AW20: =AW17*AW18*AW19*AW14 -> 0 | AX20: =AX17*AX18*AX19*AX14 -> 0 | AY20: =AY17*AY18*AY19*AY14 -> 0 | AZ20: =SUM(AV20:AY20) -> 0 | BA20: =BA17*BA18*BA19*BA14 -> 0 | BB20: =BB17*BB18*BB19*BB14 -> 0 | BC20: =BC17*BC18*BC19*BC14 -> 0 | BD20: =BD17*BD18*BD19*BD14 -> 0 | BE20: =SUM(BA20:BD20) -> 0 | BF20: =BF17*BF18*BF19*BF14 -> 0 | BG20: =BG17*BG18*BG19*BG14 -> 0 | BH20: =BH17*BH18*BH19*BH14 -> 0 | BI20: =BI17*BI18*BI19*BI14 -> 0 | BJ20: =SUM(BF20:BI20) -> 0 | BK20: =BK17*BK18*BK19*BK14 -> 0 | BL20: =BL17*BL18*BL19*BL14 -> 0 | BM20: =BM17*BM18*BM19*BM14 -> 0 | BN20: =BN17*BN18*BN19*BN14 -> 0 | BO20: =SUM(BK20:BN20) -> 0 | BP20: =BP17*BP18*BP19*BP14 -> 0 | BQ20: =BQ17*BQ18*BQ19*BQ14 -> 0 | BR20: =BR17*BR18*BR19*BR14 -> 0 | BS20: =BS17*BS18*BS19*BS14 -> 0 | BT20: =SUM(BP20:BS20) -> 0 | BU20: =BU17*BU18*BU19*BU14 -> 0 | BV20: =BV17*BV18*BV19*BV14 -> 0 | BW20: =BW17*BW18*BW19*BW14 -> 0 | BX20: =BX17*BX18*BX19*BX14 -> 0 | BY20: =SUM(BU20:BX20) -> 0 | BZ20: =BZ17*BZ18*BZ19*BZ14 -> 0 | CA20: =CA17*CA18*CA19*CA14 -> 0 | CB20: =CB17*CB18*CB19*CB14 -> 0 | CC20: =SUM(BZ20:CB20) -> 0 | CD20: =CD17*CD18*CD19*CD14 -> 0 | CE20: =CE17*CE18*CE19*CE14 -> 0 | CF20: =CF17*CF18*CF19*CF14 -> 0 | CG20: =CG17*CG18*CG19*CG14 -> 0
B21: ÁREA REAL (m2) | C21: =C17*C18*C14 -> 0 | D21: =D17*D18*D14 -> 0 | E21: =E17*E18*E14 -> 0 | F21: =F17*F18*F14 -> 0 | G21: =SUM(C21:F21) -> 0 | H21: =H17*H18*H14 -> 0 | I21: =I17*I18*I14 -> 0 | J21: =J17*J18*J14 -> 0 | K21: =K17*K18*K14 -> 0 | L21: =SUM(H21:K21) -> 0 | M21: =M17*M18*M14 -> 0 | N21: =N17*N18*N14 -> 0 | O21: =O17*O18*O14 -> 0 | P21: =P17*P18*P14 -> 0 | Q21: =SUM(M21:P21) -> 0 | R21: =R17*R18*R14 -> 0 | S21: =S17*S18*S14 -> 0 | T21: =T17*T18*T14 -> 0 | U21: =U17*U18*U14 -> 0 | V21: =SUM(R21:U21) -> 0 | W21: =W17*W18*W14 -> 0 | X21: =X17*X18*X14 -> 0 | Y21: =Y17*Y18*Y14 -> 0 | Z21: =Z17*Z18*Z14 -> 0 | AA21: =SUM(W21:Z21) -> 0 | AB21: =AB17*AB18*AB14 -> 0 | AC21: =AC17*AC18*AC14 -> 0 | AD21: =AD17*AD18*AD14 -> 0 | AE21: =AE17*AE18*AE14 -> 0 | AF21: =SUM(AB21:AE21) -> 0 | AG21: =AG17*AG18*AG14 -> 0 | AH21: =AH17*AH18*AH14 -> 0 | AI21: =AI17*AI18*AI14 -> 0 | AJ21: =AJ17*AJ18*AJ14 -> 0 | AK21: =SUM(AG21:AJ21) -> 0 | AL21: =AL17*AL18*AL14 -> 0 | AM21: =AM17*AM18*AM14 -> 0 | AN21: =AN17*AN18*AN14 -> 0 | AO21: =AO17*AO18*AO14 -> 0 | AP21: =SUM(AL21:AO21) -> 0 | AQ21: =AQ17*AQ18*AQ14 -> 0 | AR21: =AR17*AR18*AR14 -> 0 | AS21: =AS17*AS18*AS14 -> 0 | AT21: =AT17*AT18*AT14 -> 0 | AU21: =SUM(AQ21:AT21) -> 0 | AV21: =AV17*AV18*AV14 -> 0 | AW21: =AW17*AW18*AW14 -> 0 | AX21: =AX17*AX18*AX14 -> 0 | AY21: =AY17*AY18*AY14 -> 0 | AZ21: =SUM(AV21:AY21) -> 0 | BA21: =BA17*BA18*BA14 -> 0 | BB21: =BB17*BB18*BB14 -> 0 | BC21: =BC17*BC18*BC14 -> 0 | BD21: =BD17*BD18*BD14 -> 0 | BE21: =SUM(BA21:BD21) -> 0 | BF21: =BF17*BF18*BF14 -> 0 | BG21: =BG17*BG18*BG14 -> 0 | BH21: =BH17*BH18*BH14 -> 0 | BI21: =BI17*BI18*BI14 -> 0 | BJ21: =SUM(BF21:BI21) -> 0 | BK21: =BK17*BK18*BK14 -> 0 | BL21: =BL17*BL18*BL14 -> 0 | BM21: =BM17*BM18*BM14 -> 0 | BN21: =BN17*BN18*BN14 -> 0 | BO21: =SUM(BK21:BN21) -> 0 | BP21: =BP17*BP18*BP14 -> 0 | BQ21: =BQ17*BQ18*BQ14 -> 0 | BR21: =BR17*BR18*BR14 -> 0 | BS21: =BS17*BS18*BS14 -> 0 | BT21: =SUM(BP21:BS21) -> 0 | BU21: =BU17*BU18*BU14 -> 0 | BV21: =BV17*BV18*BV14 -> 0 | BW21: =BW17*BW18*BW14 -> 0 | BX21: =BX17*BX18*BX14 -> 0 | BY21: =SUM(BU21:BX21) -> 0 | BZ21: =BZ17*BZ18*BZ14 -> 0 | CA21: =CA17*CA18*CA14 -> 0 | CB21: =CB17*CB18*CB14 -> 0 | CC21: =SUM(BZ21:CB21) -> 0 | CD21: =CD17*CD18*CD14 -> 0 | CE21: =CE17*CE18*CE14 -> 0 | CF21: =CF17*CF18*CF14 -> 0 | CG21: =CG17*CG18*CG14 -> 0
B22: PATAMAR | C22: PAT.1 | D22: PAT.2 | E22: PAT.3 | F22: PAT.4 | G22: TOTAL | H22: PAT.1 | I22: PAT.2 | J22: PAT.3 | K22: PAT.4 | L22: TOTAL | M22: PAT.1 | N22: PAT.2 | O22: PAT.3 | P22: PAT.4 | Q22: TOTAL | R22: PAT.1 | S22: PAT.2 | T22: PAT.3 | U22: PAT.4 | V22: TOTAL | W22: PAT.1 | X22: PAT.2 | Y22: PAT.3 | Z22: PAT.4 | AA22: TOTAL | AB22: PAT.1 | AC22: PAT.2 | AD22: PAT.3 | AE22: PAT.4 | AF22: TOTAL | AG22: PAT.1 | AH22: PAT.2 | AI22: PAT.3 | AJ22: PAT.4 | AK22: TOTAL | AL22: PAT.1 | AM22: PAT.2 | AN22: PAT.3 | AO22: PAT.4 | AP22: TOTAL | AQ22: PAT.1 | AR22: PAT.2 | AS22: PAT.3 | AT22: PAT.4 | AU22: TOTAL | AV22: PAT.1 | AW22: PAT.2 | AX22: PAT.3 | AY22: PAT.4 | AZ22: TOTAL | BA22: PAT.1 | BB22: PAT.2 | BC22: PAT.3 | BD22: PAT.4 | BE22: TOTAL | BF22: PAT.1 | BG22: PAT.2 | BH22: PAT.3 | BI22: PAT.4 | BJ22: TOTAL | BK22: PAT.1 | BL22: PAT.2 | BM22: PAT.3 | BN22: PAT.4 | BO22: TOTAL | BP22: PAT.1 | BQ22: PAT.2 | BR22: PAT.3 | BS22: PAT.4 | BT22: TOTAL | BU22: PAT.1 | BV22: PAT.2 | BW22: PAT.3 | BX22: PAT.4 | BY22: TOTAL | BZ22: PAT.1 | CA22: PAT.2 | CB22: PAT.3 | CC22: TOTAL | CD22: PAT.1 | CE22: PAT.2 | CF22: PAT.3 | CG22: PAT.4
B23: QUANT. (q) | R23: 0 | S23: 0 | T23: 0 | U23: 0 | W23: 0 | X23: 0 | Y23: 0 | Z23: 0 | AB23: 0 | AC23: 0 | AD23: 0 | AE23: 0 | AG23: 0 | AH23: 0 | AI23: 0 | AJ23: 0 | AL23: 0 | AM23: 0 | AN23: 0 | AO23: 0 | AQ23: 0 | AR23: 0 | AS23: 0 | AT23: 0 | AV23: 0 | AW23: 0 | AX23: 0 | AY23: 0 | BA23: 0 | BB23: 0 | BC23: 0 | BD23: 0 | BF23: 0 | BG23: 0 | BH23: 0 | BI23: 0 | BK23: 0 | BL23: 0 | BM23: 0 | BN23: 0 | BP23: 0 | BQ23: 0 | BR23: 0 | BS23: 0 | BU23: 0 | BV23: 0 | BW23: 0 | BX23: 0 | BZ23: 0 | CA23: 0 | CB23: 0
B24: COMPR. | C24: 1.02 | D24: 4.04 | E24: 2.56 | F24: 2.56 | H24: 0.99 | I24: 0.96 | J24: 1.3 | K24: 2.56 | M24: 2.56 | N24: 2.56 | O24: 2.56 | P24: 2.56 | R24: 2.56 | S24: 2.56 | T24: 2.56 | U24: 2.56 | W24: 2.56 | X24: 2.56 | Y24: 2.56 | Z24: 2.56 | AB24: 2.56 | AC24: 2.56 | AD24: 2.56 | AE24: 2.56 | AG24: 2.56 | AH24: 2.56 | AI24: 2.56 | AJ24: 2.56 | AL24: 2.56 | AM24: 2.56 | AN24: 2.56 | AO24: 2.56 | AQ24: 2.56 | AR24: 2.56 | AS24: 2.56 | AT24: 2.56 | AV24: 2.56 | AW24: 2.56 | AX24: 2.56 | AY24: 2.56 | BA24: 2.56 | BB24: 2.56 | BC24: 2.56 | BD24: 2.56 | BF24: 2.56 | BG24: 2.56 | BH24: 2.56 | BI24: 2.56 | BK24: 2.56 | BL24: 2.56 | BM24: 2.56 | BN24: 2.56 | BP24: 2.56 | BQ24: 2.56 | BR24: 2.56 | BS24: 2.56 | BU24: 2.56 | BV24: 2.56 | BW24: 2.56 | BX24: 2.56 | BZ24: 2.56 | CA24: 2.56 | CB24: 2.56
B25: LARGURA | C25: 1.23 | D25: 1.23 | E25: 1.2 | F25: 1.2 | H25: 1.3 | I25: 1.3 | J25: 5.39 | K25: 1.2 | M25: 1.2 | N25: 1.2 | O25: 1.2 | P25: 1.2 | R25: 1.2 | S25: 1.2 | T25: 1.2 | U25: 1.2 | W25: 1.2 | X25: 1.2 | Y25: 1.2 | Z25: 1.2 | AB25: 1.2 | AC25: 1.2 | AD25: 1.2 | AE25: 1.2 | AG25: 1.2 | AH25: 1.2 | AI25: 1.2 | AJ25: 1.2 | AL25: 1.2 | AM25: 1.2 | AN25: 1.2 | AO25: 1.2 | AQ25: 1.2 | AR25: 1.2 | AS25: 1.2 | AT25: 1.2 | AV25: 1.2 | AW25: 1.2 | AX25: 1.2 | AY25: 1.2 | BA25: 1.2 | BB25: 1.2 | BC25: 1.2 | BD25: 1.2 | BF25: 1.2 | BG25: 1.2 | BH25: 1.2 | BI25: 1.2 | BK25: 1.2 | BL25: 1.2 | BM25: 1.2 | BN25: 1.2 | BP25: 1.2 | BQ25: 1.2 | BR25: 1.2 | BS25: 1.2 | BU25: 1.2 | BV25: 1.2 | BW25: 1.2 | BX25: 1.2 | BZ25: 1.2 | CA25: 1.2 | CB25: 1.2
B26: ESPESSURA | C26: 0.12 | D26: 0.12 | E26: 0.1 | F26: 0.1 | H26: 0.12 | I26: 0.12 | J26: 0.12 | K26: 0.1 | M26: 0.1 | N26: 0.1 | O26: 0.1 | P26: 0.1 | R26: 0.1 | S26: 0.1 | T26: 0.1 | U26: 0.1 | W26: 0.1 | X26: 0.1 | Y26: 0.1 | Z26: 0.1 | AB26: 0.1 | AC26: 0.1 | AD26: 0.1 | AE26: 0.1 | AG26: 0.1 | AH26: 0.1 | AI26: 0.1 | AJ26: 0.1 | AL26: 0.1 | AM26: 0.1 | AN26: 0.1 | AO26: 0.1 | AQ26: 0.1 | AR26: 0.1 | AS26: 0.1 | AT26: 0.1 | AV26: 0.1 | AW26: 0.1 | AX26: 0.1 | AY26: 0.1 | BA26: 0.1 | BB26: 0.1 | BC26: 0.1 | BD26: 0.1 | BF26: 0.1 | BG26: 0.1 | BH26: 0.1 | BI26: 0.1 | BK26: 0.1 | BL26: 0.1 | BM26: 0.1 | BN26: 0.1 | BP26: 0.1 | BQ26: 0.1 | BR26: 0.1 | BS26: 0.1 | BU26: 0.1 | BV26: 0.1 | BW26: 0.1 | BX26: 0.1 | BZ26: 0.1 | CA26: 0.1 | CB26: 0.1
B27: VOL. REAL (m3) | C27: =C24*C25*C26*C23 -> 0 | D27: =D24*D25*D26*D23 -> 0 | E27: =E24*E25*E26*E23 -> 0 | F27: =F24*F25*F26*F23 -> 0 | G27: =SUM(C27:F27) -> 0 | H27: =H24*H25*H26*H23 -> 0 | I27: =I24*I25*I26*I23 -> 0 | J27: =J24*J25*J26*J23 -> 0 | K27: =K24*K25*K26*K23 -> 0 | L27: =SUM(H27:K27) -> 0 | M27: =M24*M25*M26*M23 -> 0 | N27: =N24*N25*N26*N23 -> 0 | O27: =O24*O25*O26*O23 -> 0 | P27: =P24*P25*P26*P23 -> 0 | Q27: =SUM(M27:P27) -> 0 | R27: =R24*R25*R26*R23 -> 0 | S27: =S24*S25*S26*S23 -> 0 | T27: =T24*T25*T26*T23 -> 0 | U27: =U24*U25*U26*U23 -> 0 | V27: =SUM(R27:U27) -> 0 | W27: =W24*W25*W26*W23 -> 0 | X27: =X24*X25*X26*X23 -> 0 | Y27: =Y24*Y25*Y26*Y23 -> 0 | Z27: =Z24*Z25*Z26*Z23 -> 0 | AA27: =SUM(W27:Z27) -> 0 | AB27: =AB24*AB25*AB26*AB23 -> 0 | AC27: =AC24*AC25*AC26*AC23 -> 0 | AD27: =AD24*AD25*AD26*AD23 -> 0 | AE27: =AE24*AE25*AE26*AE23 -> 0 | AF27: =SUM(AB27:AE27) -> 0 | AG27: =AG24*AG25*AG26*AG23 -> 0 | AH27: =AH24*AH25*AH26*AH23 -> 0 | AI27: =AI24*AI25*AI26*AI23 -> 0 | AJ27: =AJ24*AJ25*AJ26*AJ23 -> 0 | AK27: =SUM(AG27:AJ27) -> 0 | AL27: =AL24*AL25*AL26*AL23 -> 0 | AM27: =AM24*AM25*AM26*AM23 -> 0 | AN27: =AN24*AN25*AN26*AN23 -> 0 | AO27: =AO24*AO25*AO26*AO23 -> 0 | AP27: =SUM(AL27:AO27) -> 0 | AQ27: =AQ24*AQ25*AQ26*AQ23 -> 0 | AR27: =AR24*AR25*AR26*AR23 -> 0 | AS27: =AS24*AS25*AS26*AS23 -> 0 | AT27: =AT24*AT25*AT26*AT23 -> 0 | AU27: =SUM(AQ27:AT27) -> 0 | AV27: =AV24*AV25*AV26*AV23 -> 0 | AW27: =AW24*AW25*AW26*AW23 -> 0 | AX27: =AX24*AX25*AX26*AX23 -> 0 | AY27: =AY24*AY25*AY26*AY23 -> 0 | AZ27: =SUM(AV27:AY27) -> 0 | BA27: =BA24*BA25*BA26*BA23 -> 0 | BB27: =BB24*BB25*BB26*BB23 -> 0 | BC27: =BC24*BC25*BC26*BC23 -> 0 | BD27: =BD24*BD25*BD26*BD23 -> 0 | BE27: =SUM(BA27:BD27) -> 0 | BF27: =BF24*BF25*BF26*BF23 -> 0 | BG27: =BG24*BG25*BG26*BG23 -> 0 | BH27: =BH24*BH25*BH26*BH23 -> 0 | BI27: =BI24*BI25*BI26*BI23 -> 0 | BJ27: =SUM(BF27:BI27) -> 0 | BK27: =BK24*BK25*BK26*BK23 -> 0 | BL27: =BL24*BL25*BL26*BL23 -> 0 | BM27: =BM24*BM25*BM26*BM23 -> 0 | BN27: =BN24*BN25*BN26*BN23 -> 0 | BO27: =SUM(BK27:BN27) -> 0 | BP27: =BP24*BP25*BP26*BP23 -> 0 | BQ27: =BQ24*BQ25*BQ26*BQ23 -> 0 | BR27: =BR24*BR25*BR26*BR23 -> 0 | BS27: =BS24*BS25*BS26*BS23 -> 0 | BT27: =SUM(BP27:BS27) -> 0 | BU27: =BU24*BU25*BU26*BU23 -> 0 | BV27: =BV24*BV25*BV26*BV23 -> 0 | BW27: =BW24*BW25*BW26*BW23 -> 0 | BX27: =BX24*BX25*BX26*BX23 -> 0 | BY27: =SUM(BU27:BX27) -> 0 | BZ27: =BZ24*BZ25*BZ26*BZ23 -> 0 | CA27: =CA24*CA25*CA26*CA23 -> 0 | CB27: =CB24*CB25*CB26*CB23 -> 0 | CC27: =SUM(BZ27:CB27) -> 0 | CD27: =CD24*CD25*CD26*CD23 -> 0 | CE27: =CE24*CE25*CE26*CE23 -> 0 | CF27: =CF24*CF25*CF26*CF23 -> 0 | CG27: =CG24*CG25*CG26*CG23 -> 0
B28: ÁREA REAL (m2) | C28: =C24*C25*C23 -> 0 | D28: =D24*D25*D23 -> 0 | E28: =E24*E25*E23 -> 0 | F28: =F24*F25*F23 -> 0 | G28: =SUM(C28:F28) -> 0 | H28: =H24*H25*H23 -> 0 | I28: =I24*I25*I23 -> 0 | J28: =J24*J25*J23 -> 0 | K28: =K24*K25*K23 -> 0 | L28: =SUM(H28:K28) -> 0 | M28: =M24*M25*M23 -> 0 | N28: =N24*N25*N23 -> 0 | O28: =O24*O25*O23 -> 0 | P28: =P24*P25*P23 -> 0 | Q28: =SUM(M28:P28) -> 0 | R28: =R24*R25*R23 -> 0 | S28: =S24*S25*S23 -> 0 | T28: =T24*T25*T23 -> 0 | U28: =U24*U25*U23 -> 0 | V28: =SUM(R28:U28) -> 0 | W28: =W24*W25*W23 -> 0 | X28: =X24*X25*X23 -> 0 | Y28: =Y24*Y25*Y23 -> 0 | Z28: =Z24*Z25*Z23 -> 0 | AA28: =SUM(W28:Z28) -> 0 | AB28: =AB24*AB25*AB23 -> 0 | AC28: =AC24*AC25*AC23 -> 0 | AD28: =AD24*AD25*AD23 -> 0 | AE28: =AE24*AE25*AE23 -> 0 | AF28: =SUM(AB28:AE28) -> 0 | AG28: =AG24*AG25*AG23 -> 0 | AH28: =AH24*AH25*AH23 -> 0 | AI28: =AI24*AI25*AI23 -> 0 | AJ28: =AJ24*AJ25*AJ23 -> 0 | AK28: =SUM(AG28:AJ28) -> 0 | AL28: =AL24*AL25*AL23 -> 0 | AM28: =AM24*AM25*AM23 -> 0 | AN28: =AN24*AN25*AN23 -> 0 | AO28: =AO24*AO25*AO23 -> 0 | AP28: =SUM(AL28:AO28) -> 0 | AQ28: =AQ24*AQ25*AQ23 -> 0 | AR28: =AR24*AR25*AR23 -> 0 | AS28: =AS24*AS25*AS23 -> 0 | AT28: =AT24*AT25*AT23 -> 0 | AU28: =SUM(AQ28:AT28) -> 0 | AV28: =AV24*AV25*AV23 -> 0 | AW28: =AW24*AW25*AW23 -> 0 | AX28: =AX24*AX25*AX23 -> 0 | AY28: =AY24*AY25*AY23 -> 0 | AZ28: =SUM(AV28:AY28) -> 0 | BA28: =BA24*BA25*BA23 -> 0 | BB28: =BB24*BB25*BB23 -> 0 | BC28: =BC24*BC25*BC23 -> 0 | BD28: =BD24*BD25*BD23 -> 0 | BE28: =SUM(BA28:BD28) -> 0 | BF28: =BF24*BF25*BF23 -> 0 | BG28: =BG24*BG25*BG23 -> 0 | BH28: =BH24*BH25*BH23 -> 0 | BI28: =BI24*BI25*BI23 -> 0 | BJ28: =SUM(BF28:BI28) -> 0 | BK28: =BK24*BK25*BK23 -> 0 | BL28: =BL24*BL25*BL23 -> 0 | BM28: =BM24*BM25*BM23 -> 0 | BN28: =BN24*BN25*BN23 -> 0 | BO28: =SUM(BK28:BN28) -> 0 | BP28: =BP24*BP25*BP23 -> 0 | BQ28: =BQ24*BQ25*BQ23 -> 0 | BR28: =BR24*BR25*BR23 -> 0 | BS28: =BS24*BS25*BS23 -> 0 | BT28: =SUM(BP28:BS28) -> 0 | BU28: =BU24*BU25*BU23 -> 0 | BV28: =BV24*BV25*BV23 -> 0 | BW28: =BW24*BW25*BW23 -> 0 | BX28: =BX24*BX25*BX23 -> 0 | BY28: =SUM(BU28:BX28) -> 0 | BZ28: =BZ24*BZ25*BZ23 -> 0 | CA28: =CA24*CA25*CA23 -> 0 | CB28: =CB24*CB25*CB23 -> 0 | CC28: =SUM(BZ28:CB28) -> 0 | CD28: =CD24*CD25*CD23 -> 0 | CE28: =CE24*CE25*CE23 -> 0 | CF28: =CF24*CF25*CF23 -> 0 | CG28: =CG24*CG25*CG23 -> 0
B29: TOTAL DE CONCRETO | C29: =C11+C20+C27 -> 0 | D29: =D11+D20+D27 -> 0 | E29: =E11+E20+E27 -> 0 | F29: =F11+F20+F27 -> 0 | G29: =G11+G20+G27 -> 0 | H29: =H11+H20+H27 -> 0 | I29: =I11+I20+I27 -> 0 | J29: =J11+J20+J27 -> 0 | ... CC29: =CC11+CC20+CC27 -> 0
B30: TOTAL DE FORMA | C30: =+C12+C21+C28 -> 0 | D30: =+D12+D21+D28 -> 0 | E30: =+E12+E21+E28 -> 0 | F30: =+F12+F21+F28 -> 0 | G30: =G12+G21+G28 -> 0 | H30: =+H12+H21+H28 -> 0 | I30: =+I12+I21+I28 -> 0 | J30: =+J12+J21+J28 -> 0 | K30: =+K12+K21+K28 -> 0 | L30: =L12+L21+L28 -> 0 | M30: =+M12+M21+M28 -> 0 | N30: =+N12+N21+N28 -> 0 | O30: =+O12+O21+O28 -> 0 | P30: =+P12+P21+P28 -> 0 | Q30: =Q12+Q21+Q28 -> 0 | R30: =+R12+R21+R28 -> 0 | S30: =+S12+S21+S28 -> 0 | T30: =+T12+T21+T28 -> 0 | U30: =+U12+U21+U28 -> 0 | V30: =V12+V21+V28 -> 0 | W30: =+W12+W21+W28 -> 0 | X30: =+X12+X21+X28 -> 0 | Y30: =+Y12+Y21+Y28 -> 0 | Z30: =+Z12+Z21+Z28 -> 0 | AA30: =AA12+AA21+AA28 -> 0 | AB30: =+AB12+AB21+AB28 -> 0 | AC30: =+AC12+AC21+AC28 -> 0 | AD30: =+AD12+AD21+AD28 -> 0 | AE30: =+AE12+AE21+AE28 -> 0 | AF30: =AF12+AF21+AF28 -> 0 | AG30: =+AG12+AG21+AG28 -> 0 | AH30: =+AH12+AH21+AH28 -> 0 | AI30: =+AI12+AI21+AI28 -> 0 | AJ30: =+AJ12+AJ21+AJ28 -> 0 | AK30: =AK12+AK21+AK28 -> 0 | AL30: =+AL12+AL21+AL28 -> 0 | AM30: =+AM12+AM21+AM28 -> 0 | AN30: =+AN12+AN21+AN28 -> 0 | AO30: =+AO12+AO21+AO28 -> 0 | AP30: =AP12+AP21+AP28 -> 0 | AQ30: =+AQ12+AQ21+AQ28 -> 0 | AR30: =+AR12+AR21+AR28 -> 0 | AS30: =+AS12+AS21+AS28 -> 0 | AT30: =+AT12+AT21+AT28 -> 0 | AU30: =AU12+AU21+AU28 -> 0 | AV30: =+AV12+AV21+AV28 -> 0 | AW30: =+AW12+AW21+AW28 -> 0 | AX30: =+AX12+AX21+AX28 -> 0 | AY30: =+AY12+AY21+AY28 -> 0 | AZ30: =AZ12+AZ21+AZ28 -> 0 | BA30: =+BA12+BA21+BA28 -> 0 | BB30: =+BB12+BB21+BB28 -> 0 | BC30: =+BC12+BC21+BC28 -> 0 | BD30: =+BD12+BD21+BD28 -> 0 | BE30: =BE12+BE21+BE28 -> 0 | BF30: =+BF12+BF21+BF28 -> 0 | BG30: =+BG12+BG21+BG28 -> 0 | BH30: =+BH12+BH21+BH28 -> 0 | BI30: =+BI12+BI21+BI28 -> 0 | BJ30: =BJ12+BJ21+BJ28 -> 0 | BK30: =+BK12+BK21+BK28 -> 0 | BL30: =+BL12+BL21+BL28 -> 0 | BM30: =+BM12+BM21+BM28 -> 0 | BN30: =+BN12+BN21+BN28 -> 0 | BO30: =BO12+BO21+BO28 -> 0 | BP30: =+BP12+BP21+BP28 -> 0 | BQ30: =+BQ12+BQ21+BQ28 -> 0 | BR30: =+BR12+BR21+BR28 -> 0 | BS30: =+BS12+BS21+BS28 -> 0 | BT30: =BT12+BT21+BT28 -> 0 | BU30: =+BU12+BU21+BU28 -> 0 | BV30: =+BV12+BV21+BV28 -> 0 | BW30: =+BW12+BW21+BW28 -> 0 | BX30: =+BX12+BX21+BX28 -> 0 | BY30: =BY12+BY21+BY28 -> 0 | BZ30: =+BZ12+BZ21+BZ28 -> 0 | CA30: =+CA12+CA21+CA28 -> 0 | CB30: =+CB12+CB21+CB28 -> 0 | CC30: =CC12+CC21+CC28 -> 0
F31: FCK | K31: FCK | P31: FCK | U31: FCK | Z31: FCK | AE31: FCK | AJ31: FCK | AO31: FCK | AT31: FCK | AY31: FCK | BD31: FCK | BI31: FCK | BN31: FCK | BS31: FCK | BX31: FCK | BY31: 0 | CB31: FCK

Sheet Concreto Estrutura
B1: Não inserir itens novos, nem alterar descrições ou códigos. Preencher apenas as células em amarelo.
B2: RESUMO DE ESTRUTURA - CONCRETO
B3: PAVIMENTO | C3: ÁREA DE PROJEÇÃO (m2) | D3: ELEMENTO | E3: SLUMP | F3: FCK | K3: FORMA (m2)
C4: Área de projeção | D4: Elemento | E4: Slump | F4: 25 | G4: 30 | H4: 35 | I4: 40 | J4: 50 | K4: Slump
B5: 3° SS | C5: 2000 | D5: Lajes | E5: 9 | F5: ='3° SS'!G109+'3° SS'!G219 -> 0 | G5: ='3° SS'!H109+'3° SS'!H219 -> 0 | H5: ='3° SS'!I109+'3° SS'!I219 -> 0 | I5: ='3° SS'!J109+'3° SS'!J219 -> 0 | J5: ='3° SS'!K109+'3° SS'!K219 -> 0 | K5: ='3° SS'!F109+'3° SS'!F219 -> 0
D6: Vigas | E6: =E5 -> 9 | F6: ='3° SS'!G329 -> 0 | G6: ='3° SS'!H329 -> 0 | H6: ='3° SS'!I329 -> 0 | I6: ='3° SS'!J329 -> 0 | J6: ='3° SS'!K329 -> 0 | K6: ='3° SS'!F329 -> 0
D7: Pilares | E7: =E5 -> 9 | F7: ='3° SS'!G439 -> 0 | G7: ='3° SS'!H439 -> 0 | H7: ='3° SS'!I439 -> 0 | I7: ='3° SS'!J439 -> 0 | J7: ='3° SS'!K439 -> 0 | K7: ='3° SS'!F439 -> 0
D8: Escadas | E8: =E5 -> 9 | F8: =IF(Escada!$G$31=25,Escada!$G$29,0) -> 0 | G8: =IF(Escada!$G$31=30,Escada!$G$29,0) -> 0 | H8: =IF(Escada!$G$31=35,Escada!$G$29,0) -> 0 | I8: =IF(Escada!$G$31=40,Escada!$G$29,0) -> 0 | J8: =IF(Escada!$G$31=$J$4,Escada!$G$29,0) -> 0 | K8: =Escada!G30 -> 0
B9: 2° SS | C9: 2000 | D9: Lajes | E9: 9 | F9: ='2° SS'!G109+'2° SS'!G219 -> 0 | G9: ='2° SS'!H109+'2° SS'!H219 -> 0 | H9: ='2° SS'!I109+'2° SS'!I219 -> 0 | I9: ='2° SS'!J109+'2° SS'!J219 -> 0 | J9: ='2° SS'!K109+'2° SS'!K219 -> 0 | K9: ='2° SS'!F109+'2° SS'!F219 -> 0
D10: Vigas | E10: =E9 -> 9 | F10: ='2° SS'!G329 -> 0 | G10: ='2° SS'!H329 -> 0 | H10: ='2° SS'!I329 -> 0 | I10: ='2° SS'!J329 -> 0 | J10: ='2° SS'!K329 -> 0 | K10: ='2° SS'!F329 -> 0
D11: Pilares | E11: =E9 -> 9 | F11: ='2° SS'!G439 -> 0 | G11: ='2° SS'!H439 -> 0 | H11: ='2° SS'!I439 -> 0 | I11: ='2° SS'!J439 -> 0 | J11: ='2° SS'!K439 -> 0 | K11: ='2° SS'!F439 -> 0
D12: Escadas | E12: =E9 -> 9 | F12: =IF(Escada!$L$31=25,Escada!$L$29,0) -> 0 | G12: =IF(Escada!$L$31=30,Escada!$L$29,0) -> 0 | H12: =IF(Escada!$L$31=35,Escada!$L$29,0) -> 0 | I12: =IF(Escada!$L$31=40,Escada!$L$29,0) -> 0 | J12: =IF(Escada!$L$31=$J$4,Escada!$L$29,0) -> 0 | K12: =Escada!L30 -> 0
B13: 1° SS | C13: 2000 | D13: Lajes | E13: 9 | F13: ='1° SS'!G109+'1° SS'!G219 -> 0 | G13: ='1° SS'!H109+'1° SS'!H219 -> 0 | H13: ='1° SS'!I109+'1° SS'!I219 -> 0 | I13: ='1° SS'!J109+'1° SS'!J219 -> 0 | J13: ='1° SS'!K109+'1° SS'!K219 -> 0 | K13: ='1° SS'!F109+'1° SS'!F219 -> 0
D14: Vigas | E14: =E13 -> 9 | F14: ='1° SS'!G329 -> 0 | G14: ='1° SS'!H329 -> 0 | H14: ='1° SS'!I329 -> 0 | I14: ='1° SS'!J329 -> 0 | J14: ='1° SS'!K329 -> 0 | K14: ='1° SS'!F329 -> 0
D15: Pilares | E15: =E13 -> 9 | F15: ='1° SS'!G439 -> 0 | G15: ='1° SS'!H439 -> 0 | H15: ='1° SS'!I439 -> 0 | I15: ='1° SS'!J439 -> 0 | J15: ='1° SS'!K439 -> 0 | K15: ='1° SS'!F439 -> 0
D16: Escadas | E16: =E13 -> 9 | F16: =IF(Escada!$Q$31=25,Escada!$Q$29,0) -> 0 | G16: =IF(Escada!$Q$31=30,Escada!$Q$29,0) -> 0 | H16: =IF(Escada!$Q$31=35,Escada!$Q$29,0) -> 0 | I16: =IF(Escada!$Q$31=40,Escada!$Q$29,0) -> 0 | J16: =IF(Escada!$Q$31=$J$4,Escada!$Q$29,0) -> 0 | K16: =Escada!Q30 -> 0
B17: Térreo | C17: 2000 | D17: Lajes | E17: 9 | F17: =Térreo!G109+Térreo!G219 -> 0 | G17: =Térreo!H109+Térreo!H219 -> 0 | H17: =Térreo!I109+Térreo!I219 -> 0 | I17: =Térreo!J109+Térreo!J219 -> 0 | J17: =Térreo!K109+Térreo!K219 -> 0 | K17: =Térreo!F109+Térreo!F219 -> 0
D18: Vigas | E18: =E17 -> 9 | F18: =Térreo!G329 -> 0 | G18: =Térreo!H329 -> 0 | H18: =Térreo!I329 -> 0 | I18: =Térreo!J329 -> 0 | J18: =Térreo!K329 -> 0 | K18: =Térreo!F329 -> 0
D19: Pilares | E19: =E17 -> 9 | F19: =Térreo!G439 -> 0 | G19: =Térreo!H439 -> 0 | H19: =Térreo!I439 -> 0 | I19: =Térreo!J439 -> 0 | J19: =Térreo!K439 -> 0 | K19: =Térreo!F439 -> 0
D20: Escadas | E20: =E17 -> 9 | F20: =IF(Escada!$V$31=25,Escada!$V$29,0) -> 0 | G20: =IF(Escada!$V$31=30,Escada!$V$29,0) -> 0 | H20: =IF(Escada!$V$31=35,Escada!$V$29,0) -> 0 | I20: =IF(Escada!$V$31=40,Escada!$V$29,0) -> 0 | J20: =IF(Escada!$V$31=$J$4,Escada!$V$29,0) -> 0 | K20: =Escada!V30 -> 0
B21: 1° Pav | C21: 2000 | D21: Lajes | E21: 9 | F21: ='1° Pav'!G109+'1° Pav'!G219 -> 0 | G21: ='1° Pav'!H109+'1° Pav'!H219 -> 0 | H21: ='1° Pav'!I109+'1° Pav'!I219 -> 0 | I21: ='1° Pav'!J109+'1° Pav'!J219 -> 0 | J21: ='1° Pav'!K109+'1° Pav'!K219 -> 0 | K21: ='1° Pav'!F109+'1° Pav'!F219 -> 0
D22: Vigas | E22: =E21 -> 9 | F22: ='1° Pav'!G329 -> 0 | G22: ='1° Pav'!H329 -> 0 | H22: ='1° Pav'!I329 -> 0 | I22: ='1° Pav'!J329 -> 0 | J22: ='1° Pav'!K329 -> 0 | K22: ='1° Pav'!F329 -> 0
D23: Pilares | E23: =E21 -> 9 | F23: ='1° Pav'!G439 -> 0 | G23: ='1° Pav'!H439 -> 0 | H23: ='1° Pav'!I439 -> 0 | I23: ='1° Pav'!J439 -> 0 | J23: ='1° Pav'!K439 -> 0 | K23: ='1° Pav'!F439 -> 0
D24: Escadas | E24: =E21 -> 9 | F24: =IF(Escada!$AA$31=25,Escada!$AA$29,0) -> 0 | G24: =IF(Escada!$AA$31=30,Escada!$AA$29,0) -> 0 | H24: =IF(Escada!$AA$31=35,Escada!$AA$29,0) -> 0 | I24: =IF(Escada!$AA$31=40,Escada!$AA$29,0) -> 0 | J24: =IF(Escada!$AA$31=$J$4,Escada!$AA$29,0) -> 0 | K24: =Escada!AA30 -> 0
B25: 2° Pav | C25: 2000 | D25: Lajes | E25: 9 | F25: ='2° Pav'!G109+'2° Pav'!G219 -> 0 | G25: ='2° Pav'!H109+'2° Pav'!H219 -> 0 | H25: ='2° Pav'!I109+'2° Pav'!I219 -> 0 | I25: ='2° Pav'!J109+'2° Pav'!J219 -> 0 | J25: ='2° Pav'!K109+'2° Pav'!K219 -> 0 | K25: ='2° Pav'!F109+'2° Pav'!F219 -> 0
D26: Vigas | E26: =E25 -> 9 | F26: ='2° Pav'!G329 -> 0 | G26: ='2° Pav'!H329 -> 0 | H26: ='2° Pav'!I329 -> 0 | I26: ='2° Pav'!J329 -> 0 | J26: ='2° Pav'!K329 -> 0 | K26: ='2° Pav'!F329 -> 0
D27: Pilares | E27: =E25 -> 9 | F27: ='2° Pav'!G439 -> 0 | G27: ='2° Pav'!H439 -> 0 | H27: ='2° Pav'!I439 -> 0 | I27: ='2° Pav'!J439 -> 0 | J27: ='2° Pav'!K439 -> 0 | K27: ='2° Pav'!F439 -> 0
D28: Escadas | E28: =E25 -> 9 | F28: =IF(Escada!$AF$31=25,Escada!$AF$29,0) -> 0 | G28: =IF(Escada!$AF$31=30,Escada!$AF$29,0) -> 0 | H28: =IF(Escada!$AF$31=35,Escada!$AF$29,0) -> 0 | I28: =IF(Escada!$AF$31=40,Escada!$AF$29,0) -> 0 | J28: =IF(Escada!$AF$31=$J$4,Escada!$AF$29,0) -> 0 | K28: =Escada!AF30 -> 0
B29: 3° Pav | C29: 2000 | D29: Lajes | E29: 9 | F29: ='3° Pav'!G109+'3° Pav'!G219 -> 0 | G29: ='3° Pav'!H109+'3° Pav'!H219 -> 0 | H29: ='3° Pav'!I109+'3° Pav'!I219 -> 0 | I29: ='3° Pav'!J109+'3° Pav'!J219 -> 0 | J29: ='3° Pav'!K109+'3° Pav'!K219 -> 0 | K29: ='3° Pav'!F109+'3° Pav'!F219 -> 0
D30: Vigas | E30: =E29 -> 9 | F30: ='3° Pav'!G329 -> 0 | G30: ='3° Pav'!H329 -> 0 | H30: ='3° Pav'!I329 -> 0 | I30: ='3° Pav'!J329 -> 0 | J30: ='3° Pav'!K329 -> 0 | K30: ='3° Pav'!F329 -> 0
D31: Pilares | E31: =E29 -> 9 | F31: ='3° Pav'!G443 -> 0 | G31: ='3° Pav'!H443 -> 0 | H31: ='3° Pav'!I443 -> 0 | I31: ='3° Pav'!J443 -> 0 | J31: ='3° Pav'!K439 -> 0 | K31: ='3° Pav'!F439 -> 0
D32: Escadas | E32: =E29 -> 9 | F32: =IF(Escada!$AK$31=25,Escada!$AK$29,0) -> 0 | G32: =IF(Escada!$AK$31=30,Escada!$AK$29,0) -> 0 | H32: =IF(Escada!$AK$31=35,Escada!$AK$29,0) -> 0 | I32: =IF(Escada!$AK$31=40,Escada!$AK$29,0) -> 0 | J32: =IF(Escada!$AK$31=$J$4,Escada!$AK$29,0) -> 0 | K32: =Escada!AK30 -> 0
B33: 4° Pav | C33: 2000 | D33: Lajes | E33: 9 | F33: ='4° Pav'!G109+'4° Pav'!G219 -> 0 | G33: ='4° Pav'!H109+'4° Pav'!H219 -> 0 | H33: ='4° Pav'!I109+'4° Pav'!I219 -> 0 | I33: ='4° Pav'!J109+'4° Pav'!J219 -> 0 | J33: ='4° Pav'!K109+'4° Pav'!K219 -> 0 | K33: ='4° Pav'!F109+'4° Pav'!F219 -> 0
D34: Vigas | E34: =E33 -> 9 | F34: ='4° Pav'!G329 -> 0 | G34: ='4° Pav'!H329 -> 0 | H34: ='4° Pav'!I329 -> 0 | I34: ='4° Pav'!J329 -> 0 | J34: ='4° Pav'!K329 -> 0 | K34: ='4° Pav'!F329 -> 0
D35: Pilares | E35: =E33 -> 9 | F35: ='4° Pav'!G439 -> 0 | G35: ='4° Pav'!H439 -> 0 | H35: ='4° Pav'!I439 -> 0 | I35: ='4° Pav'!J439 -> 0 | J35: ='4° Pav'!K439 -> 0 | K35: ='4° Pav'!L439 -> 0
D36: Escadas | E36: =E33 -> 9 | F36: =IF(Escada!$AP$31=$J$4,Escada!$AP$29,0) -> 0 | G36: =IF(Escada!$AP$31=$J$4,Escada!$AP$29,0) -> 0 | H36: =IF(Escada!$AP$31=$J$4,Escada!$AP$29,0) -> 0 | I36: =IF(Escada!$AP$31=$J$4,Escada!$AP$29,0) -> 0 | J36: =IF(Escada!$AP$31=$J$4,Escada!$AP$29,0) -> 0 | K36: =Escada!AP30 -> 0
B37: Tipo Studios | C37: 2000 | D37: Lajes | F37: ='Tipo Studios'!G109+'Tipo Studios'!G219 -> 0 | G37: ='Tipo Studios'!H109+'Tipo Studios'!H219 -> 0 | H37: ='Tipo Studios'!I109+'Tipo Studios'!I219 -> 0 | I37: ='Tipo Studios'!J109+'Tipo Studios'!J219 -> 0 | J37: ='Tipo Studios'!K109+'Tipo Studios'!K219 -> 0 | K37: ='Tipo Studios'!F109+'Tipo Studios'!F219 -> 0
D38: Vigas | F38: ='Tipo Studios'!G329 -> 0 | G38: ='Tipo Studios'!H329 -> 0 | H38: ='Tipo Studios'!I329 -> 0 | I38: ='Tipo Studios'!J329 -> 0 | J38: ='Tipo Studios'!K329 -> 0 | K38: ='Tipo Studios'!F329 -> 0
D39: Pilares | F39: ='Tipo Studios'!G439 -> 0 | G39: ='Tipo Studios'!H439 -> 0 | H39: ='Tipo Studios'!I439 -> 0 | I39: ='Tipo Studios'!J439 -> 0 | J39: ='Tipo Studios'!K439 -> 0 | K39: ='Tipo Studios'!F439 -> 0
D40: Escadas | F40: =IF(Escada!$AU$31=25,Escada!$AU$29,0) -> 0 | G40: =IF(Escada!$AU$31=30,Escada!$AU$29,0) -> 0 | H40: =IF(Escada!$AU$31=35,Escada!$AU$29,0) -> 0 | I40: =IF(Escada!$AU$31=40,Escada!$AU$29,0) -> 0 | J40: =IF(Escada!$AU$31=$J$4,Escada!$AU$29,0) -> 0 | K40: =Escada!AU30 -> 0
D41: Qtde de pavtos: | F41: =SUM(F37:F40) -> 0 | G41: =SUM(G37:G40) -> 0 | H41: =SUM(H37:H40) -> 0 | I41: =SUM(I37:I40) -> 0 | J41: =SUM(J37:J40) -> 0 | K41: =SUM(K37:K40)*SUM(D42:D46) -> 0
D42: 1 | E42: 9 | F42: =F41*$D$42 -> 0 | G42: =G41*$D$42 -> 0 | H42: =H41*$D$42 -> 0 | I42: =I41*$D$42 -> 0 | J42: =J41*$D$42 -> 0
D43: 1 | E43: 9 | F43: =F41*$D$43 -> 0 | G43: =G41*$D$43 -> 0 | H43: =H41*$D$43 -> 0 | I43: =I41*$D$43 -> 0 | J43: =J41*$D$43 -> 0
D44: 1 | E44: 9 | F44: =F41*$D$44 -> 0 | G44: =G41*$D$44 -> 0 | H44: =H41*$D$44 -> 0 | I44: =I41*$D$44 -> 0 | J44: =J41*$D$44 -> 0
D45: 1 | E45: 9 | F45: =F41*$D$45 -> 0 | G45: =G41*$D$45 -> 0 | H45: =H41*$D$45 -> 0 | I45: =I41*$D$45 -> 0 | J45: =J41*$D$45 -> 0
D46: 1 | E46: 9 | F46: =F41*$D$46 -> 0 | G46: =G41*$D$46 -> 0 | H46: =H41*$D$46 -> 0 | I46: =I41*$D$46 -> 0 | J46: =J41*$D$46 -> 0
B47: Tipo Residencial | C47: 2000 | D47: Lajes | F47: ='Tipo Residencial'!G109+'Tipo Residencial'!G219 -> 0 | G47: ='Tipo Residencial'!H109+'Tipo Residencial'!H219 -> 0 | H47: ='Tipo Residencial'!I109+'Tipo Residencial'!I219 -> 0 | I47: ='Tipo Residencial'!J109+'Tipo Residencial'!J219 -> 0 | J47: ='Tipo Residencial'!K109+'Tipo Residencial'!K219 -> 0 | K47: ='Tipo Residencial'!F109+'Tipo Residencial'!F219 -> 0
D48: Vigas | F48: ='Tipo Residencial'!G329 -> 0 | G48: ='Tipo Residencial'!H329 -> 0 | H48: ='Tipo Residencial'!I329 -> 0 | I48: ='Tipo Residencial'!J329 -> 0 | J48: ='Tipo Residencial'!K329 -> 0 | K48: ='Tipo Residencial'!F329 -> 0
D49: Pilares | F49: ='Tipo Residencial'!G439 -> 0 | G49: ='Tipo Residencial'!H439 -> 0 | H49: ='Tipo Residencial'!I439 -> 0 | I49: ='Tipo Residencial'!J439 -> 0 | J49: ='Tipo Residencial'!K439 -> 0 | K49: ='Tipo Residencial'!F439 -> 0
D50: Escadas | F50: =IF(Escada!$AZ$31=25,Escada!$AZ$29,0) -> 0 | G50: =IF(Escada!$AZ$31=30,Escada!$AZ$29,0) -> 0 | H50: =IF(Escada!$AZ$31=35,Escada!$AZ$29,0) -> 0 | I50: =IF(Escada!$AZ$31=40,Escada!$AZ$29,0) -> 0 | J50: =IF(Escada!$AZ$31=$J$4,Escada!$AZ$29,0) -> 0 | K50: =Escada!AZ30 -> 0
D51: Qtde de pavtos: | F51: =SUM(F47:F50) -> 0 | G51: =SUM(G47:G50) -> 0 | H51: =SUM(H47:H50) -> 0 | I51: =SUM(I47:I50) -> 0 | J51: =SUM(J47:J50) -> 0 | K51: =SUM(K47:K50)*SUM(D52:D56) -> 0
D52: 1 | E52: 9 | F52: =F51*$D$52 -> 0 | G52: =G51*$D$52 -> 0 | H52: =H51*$D$52 -> 0 | I52: =I51*$D$52 -> 0 | J52: =J51*$D$52 -> 0
D53: 1 | E53: 9 | F53: =F51*$D$53 -> 0 | G53: =G51*$D$53 -> 0 | H53: =H51*$D$53 -> 0 | I53: =I51*$D$53 -> 0 | J53: =J51*$D$53 -> 0
D54: 1 | E54: 9 | F54: =F51*$D$54 -> 0 | G54: =G51*$D$54 -> 0 | H54: =H51*$D$54 -> 0 | I54: =I51*$D$54 -> 0 | J54: =J51*$D$54 -> 0
D55: 1 | E55: 9 | F55: =F51*$D$55 -> 0 | G55: =G51*$D$55 -> 0 | H55: =H51*$D$55 -> 0 | I55: =I51*$D$55 -> 0 | J55: =J51*$D$55 -> 0
D56: 1 | E56: 9 | F56: =F51*$D$56 -> 0 | G56: =G51*$D$56 -> 0 | H56: =H51*$D$56 -> 0 | I56: =I51*$D$56 -> 0 | J56: =J51*$D$56 -> 0
B57: Lazer | C57: 2000 | D57: Lajes | E57: 9 | F57: =Lazer!G109+Lazer!G219 -> 0 | G57: =Lazer!H109+Lazer!H219 -> 0 | H57: =Lazer!I109+Lazer!I219 -> 0 | I57: =Lazer!J109+Lazer!J219 -> 0 | J57: =Lazer!K109+Lazer!K219 -> 0 | K57: =Lazer!F109+Lazer!F219 -> 0
D58: Vigas | E58: =E57 -> 9 | F58: =Lazer!G329 -> 0 | G58: =Lazer!H329 -> 0 | H58: =Lazer!I329 -> 0 | I58: =Lazer!J329 -> 0 | J58: =Lazer!K329 -> 0 | K58: =Lazer!F329 -> 0
D59: Pilares | E59: =E57 -> 9 | F59: =Lazer!G439 -> 0 | G59: =Lazer!H439 -> 0 | H59: =Lazer!I439 -> 0 | I59: =Lazer!J439 -> 0 | J59: =Lazer!K439 -> 0 | K59: =Lazer!F439 -> 0
D60: Escadas | E60: =E57 -> 9 | F60: =IF(Escada!$BE$31=25,Escada!$BE$29,0) -> 0 | G60: =IF(Escada!$BE$31=30,Escada!$BE$29,0) -> 0 | H60: =IF(Escada!$BE$31=35,Escada!$BE$29,0) -> 0 | I60: =IF(Escada!$BE$31=40,Escada!$BE$29,0) -> 0 | J60: =IF(Escada!$BE$31=$J$4,Escada!$BE$29,0) -> 0 | K60: =Escada!BE30 -> 0
B61: Duplex Inferior | C61: 2000 | D61: Lajes | E61: 9 | F61: ='D. Inferior'!G109+'D. Inferior'!G219 -> 0 | G61: ='D. Inferior'!H109+'D. Inferior'!H219 -> 0 | H61: ='D. Inferior'!I109+'D. Inferior'!I219 -> 0 | I61: ='D. Inferior'!J109+'D. Inferior'!J219 -> 0 | J61: ='D. Inferior'!K109+'D. Inferior'!K219 -> 0 | K61: ='D. Inferior'!F109+'D. Inferior'!F219 -> 0
D62: Vigas | E62: =E61 -> 9 | F62: ='D. Inferior'!G329 -> 0 | G62: ='D. Inferior'!H329 -> 0 | H62: ='D. Inferior'!I329 -> 0 | I62: ='D. Inferior'!J329 -> 0 | J62: ='D. Inferior'!K329 -> 0 | K62: ='D. Inferior'!F329 -> 0
D63: Pilares | E63: =E61 -> 9 | F63: ='D. Inferior'!G439 -> 0 | G63: ='D. Inferior'!H439 -> 0 | H63: ='D. Inferior'!I439 -> 0 | I63: ='D. Inferior'!J439 -> 0 | J63: ='D. Inferior'!K439 -> 0 | K63: ='D. Inferior'!F439 -> 0
D64: Escadas | E64: =E61 -> 9 | F64: =IF(Escada!$BJ$31=25,Escada!$BJ$29,0) -> 0 | G64: =IF(Escada!$BJ$31=30,Escada!$BJ$29,0) -> 0 | H64: =IF(Escada!$BJ$31=35,Escada!$BJ$29,0) -> 0 | I64: =IF(Escada!$BJ$31=40,Escada!$BJ$29,0) -> 0 | J64: =IF(Escada!$BJ$31=$J$4,Escada!$BJ$29,0) -> 0 | K64: =Escada!BJ30 -> 0
B65: Duplex Superior | C65: 2000 | D65: Lajes | E65: 9 | F65: ='D. Superior'!G109+'D. Superior'!G219 -> 0 | G65: ='D. Superior'!H109+'D. Superior'!H219 -> 0 | H65: ='D. Superior'!I109+'D. Superior'!I219 -> 0 | I65: ='D. Superior'!J109+'D. Superior'!J219 -> 0 | J65: ='D. Superior'!K109+'D. Superior'!K219 -> 0 | K65: ='D. Superior'!F109+'D. Superior'!F219 -> 0
D66: Vigas | E66: =E65 -> 9 | F66: ='D. Superior'!G329 -> 0 | G66: ='D. Superior'!H329 -> 0 | H66: ='D. Superior'!I329 -> 0 | I66: ='D. Superior'!J329 -> 0 | J66: ='D. Superior'!K329 -> 0 | K66: ='D. Superior'!F329 -> 0
D67: Pilares | E67: =E65 -> 9 | F67: ='D. Superior'!G439 -> 0 | G67: ='D. Superior'!H439 -> 0 | H67: ='D. Superior'!I439 -> 0 | I67: ='D. Superior'!J439 -> 0 | J67: ='D. Superior'!K439 -> 0 | K67: ='D. Superior'!F439 -> 0
D68: Escadas | E68: =E65 -> 9 | F68: =IF(Escada!$BO$31=25,Escada!$BO$29,0) -> 0 | G68: =IF(Escada!$BO$31=30,Escada!$BO$29,0) -> 0 | H68: =IF(Escada!$BO$31=35,Escada!$BO$29,0) -> 0 | I68: =IF(Escada!$BO$31=40,Escada!$BO$29,0) -> 0 | J68: =IF(Escada!$BO$31=$J$4,Escada!$BO$29,0) -> 0 | K68: =Escada!BO30 -> 0
B69: Casa de máquinas | C69: 2000 | D69: Lajes | E69: 9 | F69: =Barrilete!G109+Barrilete!G219 -> 0 | G69: =Barrilete!H109+Barrilete!H219 -> 0 | H69: =Barrilete!I109+Barrilete!I219 -> 0 | I69: =Barrilete!J109+Barrilete!J219 -> 0 | J69: =Barrilete!K109+Barrilete!K219 -> 0 | K69: =Barrilete!F109+Barrilete!F219 -> 0
D70: Vigas | E70: =E69 -> 9 | F70: =Barrilete!G329 -> 0 | G70: =Barrilete!H329 -> 0 | H70: =Barrilete!I329 -> 0 | I70: =Barrilete!J329 -> 0 | J70: =Barrilete!K329 -> 0 | K70: =Barrilete!F329 -> 0
D71: Pilares | E71: =E69 -> 9 | F71: =Barrilete!G439 -> 0 | G71: =Barrilete!H439 -> 0 | H71: =Barrilete!I439 -> 0 | I71: =Barrilete!J439 -> 0 | J71: =Barrilete!K439 -> 0 | K71: =Barrilete!F439 -> 0
D72: Escadas | E72: =E69 -> 9 | F72: =IF(Escada!$BT$31=25,Escada!$BT$29,0) -> 0 | G72: =IF(Escada!$BT$31=30,Escada!$BT$29,0) -> 0 | H72: =IF(Escada!$BT$31=35,Escada!$BT$29,0) -> 0 | I72: =IF(Escada!$BT$31=40,Escada!$BT$29,0) -> 0 | J72: =IF(Escada!$BT$31=$J$4,Escada!$BT$29,0) -> 0 | K72: =Escada!BT30 -> 0
B73: Cobertura | C73: 2000 | D73: Lajes | E73: 9 | F73: =Cobertura!G109+Cobertura!G219 -> 0 | G73: =Cobertura!H109+Cobertura!H219 -> 0 | H73: =Cobertura!I109+Cobertura!I219 -> 0 | I73: =Cobertura!J109+Cobertura!J219 -> 0 | J73: =Cobertura!K109+Cobertura!K219 -> 0 | K73: =Cobertura!F109+Cobertura!F219 -> 0
D74: Vigas | E74: =E73 -> 9 | F74: =Cobertura!G329 -> 0 | G74: =Cobertura!H329 -> 0 | H74: =Cobertura!I329 -> 0 | I74: =Cobertura!J329 -> 0 | J74: =Cobertura!K329 -> 0 | K74: =Cobertura!F329 -> 0
D75: Pilares | E75: =E73 -> 9 | F75: =Cobertura!G439 -> 0 | G75: =Cobertura!H439 -> 0 | H75: =Cobertura!I439 -> 0 | I75: =Cobertura!J439 -> 0 | J75: =Cobertura!K439 -> 0 | K75: =Cobertura!F439 -> 0
D76: Escadas | E76: =E73 -> 9 | F76: =IF(Escada!$BY$31=25,Escada!$BY$29,0) -> 0 | G76: =IF(Escada!$BY$31=30,Escada!$BY$29,0) -> 0 | H76: =IF(Escada!$BY$31=35,Escada!$BY$29,0) -> 0 | I76: =IF(Escada!$BY$31=40,Escada!$BY$29,0) -> 0 | J76: =IF(Escada!$BY$31=$J$4,Escada!$BY$29,0) -> 0 | K76: =Escada!BY30 -> 0
B78: * Se for necessária alguma especificação diferente de concreto, utilizar as linhas em amarelo
B79: TOTAL DE CONCRETO ESTRUTURA
B80: ITEM | G80: AMBIENTE | I80: UNIDADE | J80: QUANTIDADE
B81: -Concreto Fck 50Mpa, slump 9+/-1, brita 1 | G81: 6ºSS ao Térreo | I81: m3 | J81: =SUMIF(E5:E76,9,J5:J76) -> 0
B82: Concreto Fck 50Mpa, slump 10+/-1, brita 1 | G82: 6ºSS ao Térreo | I82: m3 | J82: =SUMIF(E5:E76,10,J5:J76) -> 0
B83: Concreto Fck 50Mpa, slump 12+/-1, brita 1 | G83: 1º ao 3º pav | I83: m3 | J83: =SUMIF(E5:E76,12,J5:J76) -> 0
B84: Concreto Fck 50Mpa, slump 14+/-1, brita 1 | G84: 4º ao 13º pav | I84: m3 | J84: =SUMIF(E5:E76,14,J5:J76) -> 0
B85: Concreto Fck 50Mpa, slump 16+/-1, brita 0 e 1 | G85: 14º ao 28º pav | I85: m3 | J85: =SUMIF(E5:E76,16,J5:J76) -> 0
B86: Concreto Fck 50Mpa, slump 18+/-1, brita 0 e 1 | G86: 28º em diante | I86: m3 | J86: =SUMIF(E5:E76,18,J5:J76) -> 0
B87: Concreto Fck 40Mpa, slump 9+/-1, brita 1 | G87: 6ºSS ao Térreo | I87: m3 | J87: =SUMIF(E5:E76,9,I5:I76) -> 0
B88: Concreto Fck 40Mpa, slump 10+/-1, brita 1 | G88: 6ºSS ao Térreo | I88: m3 | J88: =SUMIF(E5:E76,10,I5:I76) -> 0
B89: Concreto Fck 40Mpa, slump 12+/-1, brita 1 | G89: 1º ao 3º pav | I89: m3 | J89: =SUMIF(E5:E76,12,I5:I76) -> 0
B90: Concreto Fck 40Mpa, slump 14+/-1, brita 1 | G90: 4º ao 13º pav | I90: m3 | J90: =SUMIF(E5:E76,14,I5:I76) -> 0
B91: Concreto Fck 40Mpa, slump 16+/-1, brita 0 e 1 | G91: 14º ao 28º pav | I91: m3 | J91: =SUMIF(E5:E76,16,I5:I76) -> 0
B92: Concreto Fck 40Mpa, slump 18+/-1, brita 0 e 1 | G92: 28º em diante | I92: m3 | J92: =SUMIF(E5:E76,18,I5:I76) -> 0
B93: Concreto Fck 35Mpa, slump 9+/-1, brita 1 | G93: 6ºSS ao Térreo | I93: m3 | J93: =SUMIF(E5:E76,9,H5:H76) -> 0
B94: Concreto Fck 35Mpa, slump 10+/-1, brita 1 | G94: 6ºSS ao Térreo | I94: m3 | J94: =SUMIF(E5:E76,10,H5:H76) -> 0
B95: Concreto Fck 35Mpa, slump 12+/-1, brita 1 | G95: 1º ao 3º pav | I95: m3 | J95: =SUMIF(E5:E76,12,H5:H76) -> 0
B96: Concreto Fck 35Mpa, slump 14+/-1, brita 1 | G96: 4º ao 13º pav | I96: m3 | J96: =SUMIF(E5:E76,14,H5:H76) -> 0
B97: Concreto Fck 35Mpa, slump 16+/-1, brita 0 e 1 | G97: 14º ao 28º pav | I97: m3 | J97: =SUMIF(E5:E76,16,H5:H76) -> 0
B98: Concreto Fck 35Mpa, slump 18+/-1, brita 0 e 1 | G98: 28º em diante | I98: m3 | J98: =SUMIF(E5:E76,18,H5:H76) -> 0
B99: Concreto Fck 30Mpa, slump 9+/-1, brita 1 | G99: 6ºSS ao Térreo | I99: m3 | J99: =SUMIF(E5:E76,9,G5:G76) -> 0
B100: Concreto Fck 30Mpa, slump 10+/-1, brita 1 | G100: 6ºSS ao Térreo | I100: m3 | J100: =SUMIF(E5:E76,10,G5:G76) -> 0
B101: Concreto Fck 30Mpa, slump 12+/-1, brita 1 | G101: 1º ao 3º pav | I101: m3 | J101: =SUMIF(E5:E76,12,G5:G76) -> 0
...

Sheet 3° SS
F2: LEVANTAMENTO DE LAJES COM CUBETAS
B4: No ORDEM | C4: QUANT. | D4: BASE | E4: ALTURA | F4: COMPRIMENTO | G4: QTDE CUBETAS | H4: VOLUME CUBETA | I4: AREA FORMA | J4: VOL. CONCRETO | K4: FCK | L4: DETALHES DA CUBETA
H5: PERIFERIA | L5: Largura | M5: Comprimento
A6: L. | I6: =C6*D6*F6-(G6*L6*M6) -> 0 | J6: =C6*D6*E6*F6-(G6*H6) -> 0 | K6: 25
A7: L. | I7: =C7*D7*F7-(G7*L7*M7) -> 0 | J7: =C7*D7*E7*F7-(G7*H7) -> 0 | K7: 25
A8: L. | I8: =C8*D8*F8-(G8*L8*M8) -> 0 | J8: =C8*D8*E8*F8-(G8*H8) -> 0 | K8: 25
A9: L. | I9: =C9*D9*F9-(G9*L9*M9) -> 0 | J9: =C9*D9*E9*F9-(G9*H9) -> 0 | K9: 25
A10: L. | I10: =C10*D10*F10-(G10*L10*M10) -> 0 | J10: =C10*D10*E10*F10-(G10*H10) -> 0 | K10: 25
A11: L. | I11: =C11*D11*F11-(G11*L11*M11) -> 0 | J11: =C11*D11*E11*F11-(G11*H11) -> 0 | K11: 25
A12: L. | I12: =C12*D12*F12-(G12*L12*M12) -> 0 | J12: =C12*D12*E12*F12-(G12*H12) -> 0 | K12: 25
A13: L. | I13: =C13*D13*F13-(G13*L13*M13) -> 0 | J13: =C13*D13*E13*F13-(G13*H13) -> 0 | K13: 25
A14: L. | I14: =C14*D14*F14-(G14*L14*M14) -> 0 | J14: =C14*D14*E14*F14-(G14*H14) -> 0 | K14: 25
A15: L. | I15: =C15*D15*F15-(G15*L15*M15) -> 0 | J15: =C15*D15*E15*F15-(G15*H15) -> 0 | K15: 25
A16: L. | I16: =C16*D16*F16-(G16*L16*M16) -> 0 | J16: =C16*D16*E16*F16-(G16*H16) -> 0 | K16: 25
A17: L. | I17: =C17*D17*F17-(G17*L17*M17) -> 0 | J17: =C17*D17*E17*F17-(G17*H17) -> 0 | K17: 25
... A55: L. | I55: =C55*D55*F55-(G55*L55*M55) -> 0 | J55: =C55*D55*E55*F55-(G55*H55) -> 0 | K55: 25
H56: TORRE
A57: L. | I57: =C57*D57*F57-(G57*L57*M57) -> 0 | J57: =C57*D57*E57*F57-(G57*H57) -> 0 | K57: 25
A58: L. | I58: =C58*D58*F58-(G58*L58*M58) -> 0 | J58: =C58*D58*E58*F58-(G58*H58) -> 0 | K58: 25
A59: L. | I59: =C59*D59*F59-(G59*L59*M59) -> 0 | J59: =C59*D59*E59*F59-(G59*H59) -> 0 | K59: 25
A60: L. | I60: =C60*D60*F60-(G60*L60*M60) -> 0 | J60: =C60*D60*E60*F60-(G60*H60) -> 0 | K60: 25
A61: L. | I61: =C61*D61*F61-(G61*L61*M61) -> 0 | J61: =C61*D61*E61*F61-(G61*H61) -> 0 | K61: 25
A62: L. | I62: =C62*D62*F62-(G62*L62*M62) -> 0 | J62: =C62*D62*E62*F62-(G62*H62) -> 0 | K62: 25
A63: L. | I63: =C63*D63*F63-(G63*L63*M63) -> 0 | J63: =C63*D63*E63*F63-(G63*H63) -> 0 | K63: 25
A64: L. | I64: =C64*D64*F64-(G64*L64*M64) -> 0 | J64: =C64*D64*E64*F64-(G64*H64) -> 0 | K64: 25
A65: L. | I65: =C65*D65*F65-(G65*L65*M65) -> 0 | J65: =C65*D65*E65*F65-(G65*H65) -> 0 | K65: 25
A66: L. | I66: =C66*D66*F66-(G66*L66*M66) -> 0 | J66: =C66*D66*E66*F66-(G66*H66) -> 0 | K66: 25
A67: L. | I67: =C67*D67*F67-(G67*L67*M67) -> 0 | J67: =C67*D67*E67*F67-(G67*H67) -> 0 | K67: 25
A68: L. | I68: =C68*D68*F68-(G68*L68*M68) -> 0 | J68: =C68*D68*E68*F68-(G68*H68) -> 0 | K68: 25
... A106: L. | I106: =C106*D106*F106-(G106*L106*M106) -> 0 | J106: =C106*D106*E106*F106-(G106*H106) -> 0 | K106: 25
F107: Forma (m²) | G107: Concreto FCK
A108: TOTAL: | E108: =SUM(J5:J107) -> 0 | G108: 25 | H108: 30 | I108: 35 | J108: 40 | K108: 50
F109: =SUM(I5:I106) -> 0 | G109: =SUMIF($K$5:$K$106,G108,$J$5:$J$106) -> 0 | H109: =SUMIF($K$5:$K$106,H108,$J$5:$J$106) -> 0 | I109: =SUMIF($K$5:$K$106,I108,$J$5:$J$106) -> 0 | J109: =SUMIF($K$5:$K$106,J108,$J$5:$J$106) -> 0 | K109: =SUMIF($K$5:$K$106,K108,$J$5:$J$106) -> 0
F112: LEVANTAMENTO DE LAJES SEM CUBETAS
D114: No ORDEM | E114: QUANT. | F114: LARGURA | G114: COMPRIMENTO | H114: ALTURA | I114: AREA FORMA | J114: VOL. CONCRETO | K114: FCK
G115: PERIFERIA
C116: L. | I116: =E116*F116*G116 -> 0 | J116: =E116*F116*G116*H116 -> 0 | K116: 25
C117: L. | I117: =E117*F117*G117 -> 0 | J117: =E117*F117*G117*H117 -> 0 | K117: 25
C118: L. | I118: =E118*F118*G118 -> 0 | J118: =E118*F118*G118*H118 -> 0 | K118: 25
C119: L. | I119: =E119*F119*G119 -> 0 | J119: =E119*F119*G119*H119 -> 0 | K119: 25
C120: L. | I120: =E120*F120*G120 -> 0 | J120: =E120*F120*G120*H120 -> 0 | K120: 25
C121: L. | I121: =E121*F121*G121 -> 0 | J121: =E121*F121*G121*H121 -> 0 | K121: 25
C122: L. | I122: =E122*F122*G122 -> 0 | J122: =E122*F122*G122*H122 -> 0 | K122: 25
C123: L. | I123: =E123*F123*G123 -> 0 | J123: =E123*F123*G123*H123 -> 0 | K123: 25
C124: L. | I124: =E124*F124*G124 -> 0 | J124: =E124*F124*G124*H124 -> 0 | K124: 25
C125: L. | I125: =E125*F125*G125 -> 0 | J125: =E125*F125*G125*H125 -> 0 | K125: 25
C126: L. | I126: =E126*F126*G126 -> 0 | J126: =E126*F126*G126*H126 -> 0 | K126: 25
C127: L. | I127: =E127*F127*G127 -> 0 | J127: =E127*F127*G127*H127 -> 0 | K127: 25
... C165: L. | I165: =E165*F165*G165 -> 0 | J165: =E165*F165*G165*H165 -> 0 | K165: 25
G166: TORRE
C167: L. | I167: =E167*F167*G167 -> 0 | J167: =E167*F167*G167*H167 -> 0 | K167: 25
C168: L. | I168: =E168*F168*G168 -> 0 | J168: =E168*F168*G168*H168 -> 0 | K168: 25
C169: L. | I169: =E169*F169*G169 -> 0 | J169: =E169*F169*G169*H169 -> 0 | K169: 25
C170: L. | I170: =E170*F170*G170 -> 0 | J170: =E170*F170*G170*H170 -> 0 | K170: 25
C171: L. | I171: =E171*F171*G171 -> 0 | J171: =E171*F171*G171*H171 -> 0 | K171: 25
C172: L. | I172: =E172*F172*G172 -> 0 | J172: =E172*F172*G172*H172 -> 0 | K172: 25
C173: L. | I173: =E173*F173*G173 -> 0 | J173: =E173*F173*G173*H173 -> 0 | K173: 25
C174: L. | I174: =E174*F174*G174 -> 0 | J174: =E174*F174*G174*H174 -> 0 | K174: 25
C175: L. | I175: =E175*F175*G175 -> 0 | J175: =E175*F175*G175*H175 -> 0 | K175: 25
C176: L. | I176: =E176*F176*G176 -> 0 | J176: =E176*F176*G176*H176 -> 0 | K176: 25
C177: L. | I177: =E177*F177*G177 -> 0 | J177: =E177*F177*G177*H177 -> 0 | K177: 25
C178: L. | I178: =E178*F178*G178 -> 0 | J178: =E178*F178*G178*H178 -> 0 | K178: 25
... C216: L. | I216: =E216*F216*G216 -> 0 | J216: =E216*F216*G216*H216 -> 0 | K216: 25
F217: Forma (m²) | G217: Concreto FCK
C218: TOTAL: | E218: =SUM(J115:J217) -> 0 | G218: 25 | H218: 30 | I218: 35 | J218: 40 | K218: 50
F219: =SUM(I115:I216) -> 0 | G219: =SUMIF($K$115:$K$216,G218,$J$115:$J$216) -> 0 | H219: =SUMIF($K$115:$K$216,H218,$J$115:$J$216) -> 0 | I219: =SUMIF($K$115:$K$216,I218,$J$115:$J$216) -> 0 | J219: =SUMIF($K$115:$K$216,J218,$J$115:$J$216) -> 0 | K219: =SUMIF($K$115:$K$216,K218,$J$115:$J$216) -> 0
F222: LEVANTAMENTO DE VIGAS
C224: No ORDEM | D224: QUANT. | E224: BASE | F224: ALTURA | G224: COMPRIMENTO | H224: ESPESSURA LAJE | I224: AREA FORMA | J224: VOL. CONCRETO | K224: FCK
G225: PERIFERIA
B226: V. | I226: =E226*F226*G226 -> 0 | J226: =D226*E226*F226*G226*H226 -> 0 | K226: 25
B227: V. | I227: =E227*F227*G227 -> 0 | J227: =D227*E227*F227*G227*H227 -> 0 | K227: 25
B228: V. | I228: =E228*F228*G228 -> 0 | J228: =D228*E228*F228*G228*H228 -> 0 | K228: 25
B229: V. | I229: =E229*F229*G229 -> 0 | J229: =D229*E229*F229*G229*H229 -> 0 | K229: 25
B230: V. | I230: =E230*F230*G230 -> 0 | J230: =D230*E230*F230*G230*H230 -> 0 | K230: 25
B231: V. | I231: =E231*F231*G231 -> 0 | J231: =D231*E231*F231*G231*H231 -> 0 | K231: 25
B232: V. | I232: =E232*F232*G232 -> 0 | J232: =D232*E232*F232*G232*H232 -> 0 | K232: 25
B233: V. | I233: =E233*F233*G233 -> 0 | J233: =D233*E233*F233*G233*H233 -> 0 | K233: 25
B234: V. | I234: =E234*F234*G234 -> 0 | J234: =D234*E234*F234*G234*H234 -> 0 | K234: 25
B235: V. | I235: =E235*F235*G235 -> 0 | J235: =D235*E235*F235*G235*H235 -> 0 | K235: 25
B236: V. | I236: =E236*F236*G236 -> 0 | J236: =D236*E236*F236*G236*H236 -> 0 | K236: 25
B237: V. | I237: =E237*F237*G237 -> 0 | J237: =D237*E237*F237*G237*H237 -> 0 | K237: 25
... B275: V. | I275: =E275*F275*G275 -> 0 | J275: =D275*E275*F275*G275*H275 -> 0 | K275: 25
G276: TORRE
B277: V. | I277: =E277*F277*G277 -> 0 | J277: =D277*E277*F277*G277*H277 -> 0 | K277: 25
B278: V. | I278: =E278*F278*G278 -> 0 | J278: =D278*E278*F278*G278*H278 -> 0 | K278: 25
B279: V. | I279: =E279*F279*G279 -> 0 | J279: =D279*E279*F279*G279*H279 -> 0 | K279: 25
B280: V. | I280: =E280*F280*G280 -> 0 | J280: =D280*E280*F280*G280*H280 -> 0 | K280: 25
B281: V. | I281: =E281*F281*G281 -> 0 | J281: =D281*E281*F281*G281*H281 -> 0 | K281: 25
B282: V. | I282: =E282*F282*G282 -> 0 | J282: =D282*E282*F282*G282*H282 -> 0 | K282: 25
B283: V. | I283: =E283*F283*G283 -> 0 | J283: =D283*E283*F283*G283*H283 -> 0 | K283: 25
B284: V. | I284: =E284*F284*G284 -> 0 | J284: =D284*E284*F284*G284*H284 -> 0 | K284: 25
B285: V. | I285: =E285*F285*G285 -> 0 | J285: =D285*E285*F285*G285*H285 -> 0 | K285: 25
B286: V. | I286: =E286*F286*G286 -> 0 | J286: =D286*E286*F286*G286*H286 -> 0 | K286: 25
B287: V. | I287: =E287*F287*G287 -> 0 | J287: =D287*E287*F287*G287*H287 -> 0 | K287: 25
B288: V. | I288: =E288*F288*G288 -> 0 | J288: =D288*E288*F288*G288*H288 -> 0 | K288: 25
... B326: V. | I326: =E326*F326*G326 -> 0 | J326: =D326*E326*F326*G326*H326 -> 0 | K326: 25
F327: Forma (m²) | G327: Concreto FCK
B328: TOTAL: | E328: =SUM(J225:J327) -> 0 | G328: 25 | H328: 30 | I328: 35 | J328: 40 | K328: 50
F329: =SUM(I225:I326) -> 0 | G329: =SUMIF($K$225:$K$326,G328,$J$225:$J$326) -> 0 | H329: =SUMIF($K$225:$K$326,H328,$J$225:$J$326) -> 0 | I329: =SUMIF($K$225:$K$326,I328,$J$225:$J$326) -> 0 | J329: =SUMIF($K$225:$K$326,J328,$J$225:$J$326) -> 0 | K329: =SUMIF($K$225:$K$326,K328,$J$225:$J$326) -> 0
F332: LEVANTAMENTO DE PILARES
...

Sheet 2° SS
F2: LEVANTAMENTO DE LAJES COM CUBETAS
B4: No ORDEM | C4: QUANT. | D4: BASE | E4: ALTURA | F4: COMPRIMENTO | G4: QTDE CUBETAS | H4: VOLUME CUBETA | I4: AREA FORMA | J4: VOL. CONCRETO | K4: FCK | L4: DETALHES DA CUBETA
H5: PERIFERIA | L5: Largura | M5: Comprimento
A6: L. | I6: =C6*D6*F6-(G6*L6*M6) -> 0 | J6: =C6*D6*E6*F6-(G6*H6) -> 0 | K6: 25
A7: L. | I7: =C7*D7*F7-(G7*L7*M7) -> 0 | J7: =C7*D7*E7*F7-(G7*H7) -> 0 | K7: 25
A8: L. | I8: =C8*D8*F8-(G8*L8*M8) -> 0 | J8: =C8*D8*E8*F8-(G8*H8) -> 0 | K8: 25
A9: L. | I9: =C9*D9*F9-(G9*L9*M9) -> 0 | J9: =C9*D9*E9*F9-(G9*H9) -> 0 | K9: 25
A10: L. | I10: =C10*D10*F10-(G10*L10*M10) -> 0 | J10: =C10*D10*E10*F10-(G10*H10) -> 0 | K10: 25
A11: L. | I11: =C11*D11*F11-(G11*L11*M11) -> 0 | J11: =C11*D11*E11*F11-(G11*H11) -> 0 | K11: 25
A12: L. | I12: =C12*D12*F12-(G12*L12*M12) -> 0 | J12: =C12*D12*E12*F12-(G12*H12) -> 0 | K12: 25
A13: L. | I13: =C13*D13*F13-(G13*L13*M13) -> 0 | J13: =C13*D13*E13*F13-(G13*H13) -> 0 | K13: 25
A14: L. | I14: =C14*D14*F14-(G14*L14*M14) -> 0 | J14: =C14*D14*E14*F14-(G14*H14) -> 0 | K14: 25
A15: L. | I15: =C15*D15*F15-(G15*L15*M15) -> 0 | J15: =C15*D15*E15*F15-(G15*H15) -> 0 | K15: 25
A16: L. | I16: =C16*D16*F16-(G16*L16*M16) -> 0 | J16: =C16*D16*E16*F16-(G16*H16) -> 0 | K16: 25
A17: L. | I17: =C17*D17*F17-(G17*L17*M17) -> 0 | J17: =C17*D17*E17*F17-(G17*H17) -> 0 | K17: 25
... A55: L. | I55: =C55*D55*F55-(G55*L55*M55) -> 0 | J55: =C55*D55*E55*F55-(G55*H55) -> 0 | K55: 25
H56: TORRE
A57: L. | I57: =C57*D57*F57-(G57*L57*M57) -> 0 | J57: =C57*D57*E57*F57-(G57*H57) -> 0 | K57: 25
A58: L. | I58: =C58*D58*F58-(G58*L58*M58) -> 0 | J58: =C58*D58*E58*F58-(G58*H58) -> 0 | K58: 25
A59: L. | I59: =C59*D59*F59-(G59*L59*M59) -> 0 | J59: =C59*D59*E59*F59-(G59*H59) -> 0 | K59: 25
A60: L. | I60: =C60*D60*F60-(G60*L60*M60) -> 0 | J60: =C60*D60*E60*F60-(G60*H60) -> 0 | K60: 25
A61: L. | I61: =C61*D61*F61-(G61*L61*M61) -> 0 | J61: =C61*D61*E61*F61-(G61*H61) -> 0 | K61: 25
A62: L. | I62: =C62*D62*F62-(G62*L62*M62) -> 0 | J62: =C62*D62*E62*F62-(G62*H62) -> 0 | K62: 25
A63: L. | I63: =C63*D63*F63-(G63*L63*M63) -> 0 | J63: =C63*D63*E63*F63-(G63*H63) -> 0 | K63: 25
A64: L. | I64: =C64*D64*F64-(G64*L64*M64) -> 0 | J64: =C64*D64*E64*F64-(G64*H64) -> 0 | K64: 25
A65: L. | I65: =C65*D65*F65-(G65*L65*M65) -> 0 | J65: =C65*D65*E65*F65-(G65*H65) -> 0 | K65: 25
A66: L. | I66: =C66*D66*F66-(G66*L66*M66) -> 0 | J66: =C66*D66*E66*F66-(G66*H66) -> 0 | K66: 25
A67: L. | I67: =C67*D67*F67-(G67*L67*M67) -> 0 | J67: =C67*D67*E67*F67-(G67*H67) -> 0 | K67: 25
A68: L. | I68: =C68*D68*F68-(G68*L68*M68) -> 0 | J68: =C68*D68*E68*F68-(G68*H68) -> 0 | K68: 25
... A106: L. | I106: =C106*D106*F106-(G106*L106*M106) -> 0 | J106: =C106*D106*E106*F106-(G106*H106) -> 0 | K106: 25
F107: Forma (m²) | G107: Concreto FCK
A108: TOTAL: | E108: =SUM(J5:J107) -> 0 | G108: 25 | H108: 30 | I108: 35 | J108: 40 | K108: 50
F109: =SUM(I5:I106) -> 0 | G109: =SUMIF($K$5:$K$106,G108,$J$5:$J$106) -> 0 | H109: =SUMIF($K$5:$K$106,H108,$J$5:$J$106) -> 0 | I109: =SUMIF($K$5:$K$106,I108,$J$5:$J$106) -> 0 | J109: =SUMIF($K$5:$K$106,J108,$J$5:$J$106) -> 0 | K109: =SUMIF($K$5:$K$106,K108,$J$5:$J$106) -> 0
F112: LEVANTAMENTO DE LAJES SEM CUBETAS
D114: No ORDEM | E114: QUANT. | F114: LARGURA | G114: COMPRIMENTO | H114: ALTURA | I114: AREA FORMA | J114: VOL. CONCRETO | K114: FCK
G115: PERIFERIA
C116: L. | I116: =E116*F116*G116 -> 0 | J116: =E116*F116*G116*H116 -> 0 | K116: 25
C117: L. | I117: =E117*F117*G117 -> 0 | J117: =E117*F117*G117*H117 -> 0 | K117: 25
C118: L. | I118: =E118*F118*G118 -> 0 | J118: =E118*F118*G118*H118 -> 0 | K118: 25
C119: L. | I119: =E119*F119*G119 -> 0 | J119: =E119*F119*G119*H119 -> 0 | K119: 25
C120: L. | I120: =E120*F120*G120 -> 0 | J120: =E120*F120*G120*H120 -> 0 | K120: 25
C121: L. | I121: =E121*F121*G121 -> 0 | J121: =E121*F121*G121*H121 -> 0 | K121: 25
C122: L. | I122: =E122*F122*G122 -> 0 | J122: =E122*F122*G122*H122 -> 0 | K122: 25
C123: L. | I123: =E123*F123*G123 -> 0 | J123: =E123*F123*G123*H123 -> 0 | K123: 25
C124: L. | I124: =E124*F124*G124 -> 0 | J124: =E124*F124*G124*H124 -> 0 | K124: 25
C125: L. | I125: =E125*F125*G125 -> 0 | J125: =E125*F125*G125*H125 -> 0 | K125: 25
C126: L. | I126: =E126*F126*G126 -> 0 | J126: =E126*F126*G126*H126 -> 0 | K126: 25
C127: L. | I127: =E127*F127*G127 -> 0 | J127: =E127*F127*G127*H127 -> 0 | K127: 25
... C165: L. | I165: =E165*F165*G165 -> 0 | J165: =E165*F165*G165*H165 -> 0 | K165: 25
G166: TORRE
C167: L. | I167: =E167*F167*G167 -> 0 | J167: =E167*F167*G167*H167 -> 0 | K167: 25
C168: L. | I168: =E168*F168*G168 -> 0 | J168: =E168*F168*G168*H168 -> 0 | K168: 25
C169: L. | I169: =E169*F169*G169 -> 0 | J169: =E169*F169*G169*H169 -> 0 | K169: 25
C170: L. | I170: =E170*F170*G170 -> 0 | J170: =E170*F170*G170*H170 -> 0 | K170: 25
C171: L. | I171: =E171*F171*G171 -> 0 | J171: =E171*F171*G171*H171 -> 0 | K171: 25
C172: L. | I172: =E172*F172*G172 -> 0 | J172: =E172*F172*G172*H172 -> 0 | K172: 25
C173: L. | I173: =E173*F173*G173 -> 0 | J173: =E173*F173*G173*H173 -> 0 | K173: 25
C174: L. | I174: =E174*F174*G174 -> 0 | J174: =E174*F174*G174*H174 -> 0 | K174: 25
C175: L. | I175: =E175*F175*G175 -> 0 | J175: =E175*F175*G175*H175 -> 0 | K175: 25
C176: L. | I176: =E176*F176*G176 -> 0 | J176: =E176*F176*G176*H176 -> 0 | K176: 25
C177: L. | I177: =E177*F177*G177 -> 0 | J177: =E177*F177*G177*H177 -> 0 | K177: 25
C178: L. | I178: =E178*F178*G178 -> 0 | J178: =E178*F178*G178*H178 -> 0 | K178: 25
... C216: L. | I216: =E216*F216*G216 -> 0 | J216: =E216*F216*G216*H216 -> 0 | K216: 25
F217: Forma (m²) | G217: Concreto FCK
C218: TOTAL: | E218: =SUM(J115:J217) -> 0 | G218: 25 | H218: 30 | I218: 35 | J218: 40 | K218: 50
F219: =SUM(I115:I216) -> 0 | G219: =SUMIF($K$115:$K$216,G218,$J$115:$J$216) -> 0 | H219: =SUMIF($K$115:$K$216,H218,$J$115:$J$216) -> 0 | I219: =SUMIF($K$115:$K$216,I218,$J$115:$J$216) -> 0 | J219: =SUMIF($K$115:$K$216,J218,$J$115:$J$216) -> 0 | K219: =SUMIF($K$115:$K$216,K218,$J$115:$J$216) -> 0
F222: LEVANTAMENTO DE VIGAS
C224: No ORDEM | D224: QUANT. | E224: BASE | F224: ALTURA | G224: COMPRIMENTO | H224: ESPESSURA LAJE | I224: AREA FORMA | J224: VOL. CONCRETO | K224: FCK
G225: PERIFERIA
B226: V. | I226: =E226*F226*G226 -> 0 | J226: =D226*E226*F226*G226*H226 -> 0 | K226: 25
B227: V. | I227: =E227*F227*G227 -> 0 | J227: =D227*E227*F227*G227*H227 -> 0 | K227: 25
B228: V. | I228: =E228*F228*G228 -> 0 | J228: =D228*E228*F228*G228*H228 -> 0 | K228: 25
B229: V. | I229: =E229*F229*G229 -> 0 | J229: =D229*E229*F229*G229*H229 -> 0 | K229: 25
B230: V. | I230: =E230*F230*G230 -> 0 | J230: =D230*E230*F230*G230*H230 -> 0 | K230: 25
B231: V. | I231: =E231*F231*G231 -> 0 | J231: =D231*E231*F231*G231*H231 -> 0 | K231: 25
B232: V. | I232: =E232*F232*G232 -> 0 | J232: =D232*E232*F232*G232*H232 -> 0 | K232: 25
B233: V. | I233: =E233*F233*G233 -> 0 | J233: =D233*E233*F233*G233*H233 -> 0 | K233: 25
B234: V. | I234: =E234*F234*G234 -> 0 | J234: =D234*E234*F234*G234*H234 -> 0 | K234: 25
B235: V. | I235: =E235*F235*G235 -> 0 | J235: =D235*E235*F235*G235*H235 -> 0 | K235: 25
B236: V. | I236: =E236*F236*G236 -> 0 | J236: =D236*E236*F236*G236*H236 -> 0 | K236: 25
B237: V. | I237: =E237*F237*G237 -> 0 | J237: =D237*E237*F237*G237*H237 -> 0 | K237: 25
... B275: V. | I275: =E275*F275*G275 -> 0 | J275: =D275*E275*F275*G275*H275 -> 0 | K275: 25
G276: TORRE
B277: V. | I277: =E277*F277*G277 -> 0 | J277: =D277*E277*F277*G277*H277 -> 0 | K277: 25
B278: V. | I278: =E278*F278*G278 -> 0 | J278: =D278*E278*F278*G278*H278 -> 0 | K278: 25
B279: V. | I279: =E279*F279*G279 -> 0 | J279: =D279*E279*F279*G279*H279 -> 0 | K279: 25
B280: V. | I280: =E280*F280*G280 -> 0 | J280: =D280*E280*F280*G280*H280 -> 0 | K280: 25
B281: V. | I281: =E281*F281*G281 -> 0 | J281: =D281*E281*F281*G281*H281 -> 0 | K281: 25
B282: V. | I282: =E282*F282*G282 -> 0 | J282: =D282*E282*F282*G282*H282 -> 0 | K282: 25
B283: V. | I283: =E283*F283*G283 -> 0 | J283: =D283*E283*F283*G283*H283 -> 0 | K283: 25
B284: V. | I284: =E284*F284*G284 -> 0 | J284: =D284*E284*F284*G284*H284 -> 0 | K284: 25
B285: V. | I285: =E285*F285*G285 -> 0 | J285: =D285*E285*F285*G285*H285 -> 0 | K285: 25
B286: V. | I286: =E286*F286*G286 -> 0 | J286: =D286*E286*F286*G286*H286 -> 0 | K286: 25
B287: V. | I287: =E287*F287*G287 -> 0 | J287: =D287*E287*F287*G287*H287 -> 0 | K287: 25
B288: V. | I288: =E288*F288*G288 -> 0 | J288: =D288*E288*F288*G288*H288 -> 0 | K288: 25
... B326: V. | I326: =E326*F326*G326 -> 0 | J326: =D326*E326*F326*G326*H326 -> 0 | K326: 25
F327: Forma (m²) | G327: Concreto FCK
B328: TOTAL: | E328: =SUM(J225:J327) -> 0 | G328: 25 | H328: 30 | I328: 35 | J328: 40 | K328: 50
F329: =SUM(I225:I326) -> 0 | G329: =SUMIF($K$225:$K$326,G328,$J$225:$J$326) -> 0 | H329: =SUMIF($K$225:$K$326,H328,$J$225:$J$326) -> 0 | I329: =SUMIF($K$225:$K$326,I328,$J$225:$J$326) -> 0 | J329: =SUMIF($K$225:$K$326,J328,$J$225:$J$326) -> 0 | K329: =SUMIF($K$225:$K$326,K328,$J$225:$J$326) -> 0
F332: LEVANTAMENTO DE PILARES
...

Sheet 1° SS
F2: LEVANTAMENTO DE LAJES COM CUBETAS
B4: No ORDEM | C4: QUANT. | D4: BASE | E4: ALTURA | F4: COMPRIMENTO | G4: QTDE CUBETAS | H4: VOLUME CUBETA | I4: AREA FORMA | J4: VOL. CONCRETO | K4: FCK | L4: DETALHES DA CUBETA
H5: PERIFERIA | L5: Largura | M5: Comprimento
A6: L. | I6: =C6*D6*F6-(G6*L6*M6) -> 0 | J6: =C6*D6*E6*F6-(G6*H6) -> 0 | K6: 25
A7: L. | I7: =C7*D7*F7-(G7*L7*M7) -> 0 | J7: =C7*D7*E7*F7-(G7*H7) -> 0 | K7: 25
A8: L. | I8: =C8*D8*F8-(G8*L8*M8) -> 0 | J8: =C8*D8*E8*F8-(G8*H8) -> 0 | K8: 25
A9: L. | I9: =C9*D9*F9-(G9*L9*M9) -> 0 | J9: =C9*D9*E9*F9-(G9*H9) -> 0 | K9: 25
A10: L. | I10: =C10*D10*F10-(G10*L10*M10) -> 0 | J10: =C10*D10*E10*F10-(G10*H10) -> 0 | K10: 25
A11: L. | I11: =C11*D11*F11-(G11*L11*M11) -> 0 | J11: =C11*D11*E11*F11-(G11*H11) -> 0 | K11: 25
A12: L. | I12: =C12*D12*F12-(G12*L12*M12) -> 0 | J12: =C12*D12*E12*F12-(G12*H12) -> 0 | K12: 25
A13: L. | I13: =C13*D13*F13-(G13*L13*M13) -> 0 | J13: =C13*D13*E13*F13-(G13*H13) -> 0 | K13: 25
A14: L. | I14: =C14*D14*F14-(G14*L14*M14) -> 0 | J14: =C14*D14*E14*F14-(G14*H14) -> 0 | K14: 25
A15: L. | I15: =C15*D15*F15-(G15*L15*M15) -> 0 | J15: =C15*D15*E15*F15-(G15*H15) -> 0 | K15: 25
A16: L. | I16: =C16*D16*F16-(G16*L16*M16) -> 0 | J16: =C16*D16*E16*F16-(G16*H16) -> 0 | K16: 25
A17: L. | I17: =C17*D17*F17-(G17*L17*M17) -> 0 | J17: =C17*D17*E17*F17-(G17*H17) -> 0 | K17: 25
... A55: L. | I55: =C55*D55*F55-(G55*L55*M55) -> 0 | J55: =C55*D55*E55*F55-(G55*H55) -> 0 | K55: 25
H56: TORRE
A57: L. | I57: =C57*D57*F57-(G57*L57*M57) -> 0 | J57: =C57*D57*E57*F57-(G57*H57) -> 0 | K57: 25
A58: L. | I58: =C58*D58*F58-(G58*L58*M58) -> 0 | J58: =C58*D58*E58*F58-(G58*H58) -> 0 | K58: 25
A59: L. | I59: =C59*D59*F59-(G59*L59*M59) -> 0 | J59: =C59*D59*E59*F59-(G59*H59) -> 0 | K59: 25
A60: L. | I60: =C60*D60*F60-(G60*L60*M60) -> 0 | J60: =C60*D60*E60*F60-(G60*H60) -> 0 | K60: 25
A61: L. | I61: =C61*D61*F61-(G61*L61*M61) -> 0 | J61: =C61*D61*E61*F61-(G61*H61) -> 0 | K61: 25
A62: L. | I62: =C62*D62*F62-(G62*L62*M62) -> 0 | J62: =C62*D62*E62*F62-(G62*H62) -> 0 | K62: 25
A63: L. | I63: =C63*D63*F63-(G63*L63*M63) -> 0 | J63: =C63*D63*E63*F63-(G63*H63) -> 0 | K63: 25
A64: L. | I64: =C64*D64*F64-(G64*L64*M64) -> 0 | J64: =C64*D64*E64*F64-(G64*H64) -> 0 | K64: 25
A65: L. | I65: =C65*D65*F65-(G65*L65*M65) -> 0 | J65: =C65*D65*E65*F65-(G65*H65) -> 0 | K65: 25
A66: L. | I66: =C66*D66*F66-(G66*L66*M66) -> 0 | J66: =C66*D66*E66*F66-(G66*H66) -> 0 | K66: 25
A67: L. | I67: =C67*D67*F67-(G67*L67*M67) -> 0 | J67: =C67*D67*E67*F67-(G67*H67) -> 0 | K67: 25
A68: L. | I68: =C68*D68*F68-(G68*L68*M68) -> 0 | J68: =C68*D68*E68*F68-(G68*H68) -> 0 | K68: 25
... A106: L. | I106: =C106*D106*F106-(G106*L106*M106) -> 0 | J106: =C106*D106*E106*F106-(G106*H106) -> 0 | K106: 25
F107: Forma (m²) | G107: Concreto FCK
A108: TOTAL: | E108: =SUM(J5:J107) -> 0 | G108: 25 | H108: 30 | I108: 35 | J108: 40 | K108: 50
F109: =SUM(I5:I106) -> 0 | G109: =SUMIF($K$5:$K$106,G108,$J$5:$J$106) -> 0 | H109: =SUMIF($K$5:$K$106,H108,$J$5:$J$106) -> 0 | I109: =SUMIF($K$5:$K$106,I108,$J$5:$J$106) -> 0 | J109: =SUMIF($K$5:$K$106,J108,$J$5:$J$106) -> 0 | K109: =SUMIF($K$5:$K$106,K108,$J$5:$J$106) -> 0
F112: LEVANTAMENTO DE LAJES SEM CUBETAS
D114: No ORDEM | E114: QUANT. | F114: LARGURA | G114: COMPRIMENTO | H114: ALTURA | I114: AREA FORMA | J114: VOL. CONCRETO | K114: FCK
G115: PERIFERIA
C116: L. | I116: =E116*F116*G116 -> 0 | J116: =E116*F116*G116*H116 -> 0 | K116: 25
C117: L. | I117: =E117*F117*G117 -> 0 | J117: =E117*F117*G117*H117 -> 0 | K117: 25
C118: L. | I118: =E118*F118*G118 -> 0 | J118: =E118*F118*G118*H118 -> 0 | K118: 25
C119: L. | I119: =E119*F119*G119 -> 0 | J119: =E119*F119*G119*H119 -> 0 | K119: 25
C120: L. | I120: =E120*F120*G120 -> 0 | J120: =E120*F120*G120*H120 -> 0 | K120: 25
C121: L. | I121: =E121*F121*G121 -> 0 | J121: =E121*F121*G121*H121 -> 0 | K121: 25
C122: L. | I122: =E122*F122*G122 -> 0 | J122: =E122*F122*G122*H122 -> 0 | K122: 25
C123: L. | I123: =E123*F123*G123 -> 0 | J123: =E123*F123*G123*H123 -> 0 | K123: 25
C124: L. | I124: =E124*F124*G124 -> 0 | J124: =E124*F124*G124*H124 -> 0 | K124: 25
C125: L. | I125: =E125*F125*G125 -> 0 | J125: =E125*F125*G125*H125 -> 0 | K125: 25
C126: L. | I126: =E126*F126*G126 -> 0 | J126: =E126*F126*G126*H126 -> 0 | K126: 25
C127: L. | I127: =E127*F127*G127 -> 0 | J127: =E127*F127*G127*H127 -> 0 | K127: 25
... C165: L. | I165: =E165*F165*G165 -> 0 | J165: =E165*F165*G165*H165 -> 0 | K165: 25
G166: TORRE
C167: L. | I167: =E167*F167*G167 -> 0 | J167: =E167*F167*G167*H167 -> 0 | K167: 25
C168: L. | I168: =E168*F168*G168 -> 0 | J168: =E168*F168*G168*H168 -> 0 | K168: 25
C169: L. | I169: =E169*F169*G169 -> 0 | J169: =E169*F169*G169*H169 -> 0 | K169: 25
C170: L. | I170: =E170*F170*G170 -> 0 | J170: =E170*F170*G170*H170 -> 0 | K170: 25
C171: L. | I171: =E171*F171*G171 -> 0 | J171: =E171*F171*G171*H171 -> 0 | K171: 25
C172: L. | I172: =E172*F172*G172 -> 0 | J172: =E172*F172*G172*H172 -> 0 | K172: 25
C173: L. | I173: =E173*F173*G173 -> 0 | J173: =E173*F173*G173*H173 -> 0 | K173: 25
C174: L. | I174: =E174*F174*G174 -> 0 | J174: =E174*F174*G174*H174 -> 0 | K174: 25
C175: L. | I175: =E175*F175*G175 -> 0 | J175: =E175*F175*G175*H175 -> 0 | K175: 25
C176: L. | I176: =E176*F176*G176 -> 0 | J176: =E176*F176*G176*H176 -> 0 | K176: 25
C177: L. | I177: =E177*F177*G177 -> 0 | J177: =E177*F177*G177*H177 -> 0 | K177: 25
C178: L. | I178: =E178*F178*G178 -> 0 | J178: =E178*F178*G178*H178 -> 0 | K178: 25
... C216: L. | I216: =E216*F216*G216 -> 0 | J216: =E216*F216*G216*H216 -> 0 | K216: 25
F217: Forma (m²) | G217: Concreto FCK
C218: TOTAL: | E218: =SUM(J115:J217) -> 0 | G218: 25 | H218: 30 | I218: 35 | J218: 40 | K218: 50
F219: =SUM(I115:I216) -> 0 | G219: =SUMIF($K$115:$K$216,G218,$J$115:$J$216) -> 0 | H219: =SUMIF($K$115:$K$216,H218,$J$115:$J$216) -> 0 | I219: =SUMIF($K$115:$K$216,I218,$J$115:$J$216) -> 0 | J219: =SUMIF($K$115:$K$216,J218,$J$115:$J$216) -> 0 | K219: =SUMIF($K$115:$K$216,K218,$J$115:$J$216) -> 0
F222: LEVANTAMENTO DE VIGAS
C224: No ORDEM | D224: QUANT. | E224: BASE | F224: ALTURA | G224: COMPRIMENTO | H224: ESPESSURA LAJE | I224: AREA FORMA | J224: VOL. CONCRETO | K224: FCK
G225: PERIFERIA
B226: V. | I226: =E226*F226*G226 -> 0 | J226: =D226*E226*F226*G226*H226 -> 0 | K226: 25
B227: V. | I227: =E227*F227*G227 -> 0 | J227: =D227*E227*F227*G227*H227 -> 0 | K227: 25
B228: V. | I228: =E228*F228*G228 -> 0 | J228: =D228*E228*F228*G228*H228 -> 0 | K228: 25
B229: V. | I229: =E229*F229*G229 -> 0 | J229: =D229*E229*F229*G229*H229 -> 0 | K229: 25
B230: V. | I230: =E230*F230*G230 -> 0 | J230: =D230*E230*F230*G230*H230 -> 0 | K230: 25
B231: V. | I231: =E231*F231*G231 -> 0 | J231: =D231*E231*F231*G231*H231 -> 0 | K231: 25
B232: V. | I232: =E232*F232*G232 -> 0 | J232: =D232*E232*F232*G232*H232 -> 0 | K232: 25
B233: V. | I233: =E233*F233*G233 -> 0 | J233: =D233*E233*F233*G233*H233 -> 0 | K233: 25
B234: V. | I234: =E234*F234*G234 -> 0 | J234: =D234*E234*F234*G234*H234 -> 0 | K234: 25
B235: V. | I235: =E235*F235*G235 -> 0 | J235: =D235*E235*F235*G235*H235 -> 0 | K235: 25
B236: V. | I236: =E236*F236*G236 -> 0 | J236: =D236*E236*F236*G236*H236 -> 0 | K236: 25
B237: V. | I237: =E237*F237*G237 -> 0 | J237: =D237*E237*F237*G237*H237 -> 0 | K237: 25
... B275: V. | I275: =E275*F275*G275 -> 0 | J275: =D275*E275*F275*G275*H275 -> 0 | K275: 25
G276: TORRE
B277: V. | I277: =E277*F277*G277 -> 0 | J277: =D277*E277*F277*G277*H277 -> 0 | K277: 25
B278: V. | I278: =E278*F278*G278 -> 0 | J278: =D278*E278*F278*G278*H278 -> 0 | K278: 25
B279: V. | I279: =E279*F279*G279 -> 0 | J279: =D279*E279*F279*G279*H279 -> 0 | K279: 25
B280: V. | I280: =E280*F280*G280 -> 0 | J280: =D280*E280*F280*G280*H280 -> 0 | K280: 25
B281: V. | I281: =E281*F281*G281 -> 0 | J281: =D281*E281*F281*G281*H281 -> 0 | K281: 25
B282: V. | I282: =E282*F282*G282 -> 0 | J282: =D282*E282*F282*G282*H282 -> 0 | K282: 25
B283: V. | I283: =E283*F283*G283 -> 0 | J283: =D283*E283*F283*G283*H283 -> 0 | K283: 25
B284: V. | I284: =E284*F284*G284 -> 0 | J284: =D284*E284*F284*G284*H284 -> 0 | K284: 25
B285: V. | I285: =E285*F285*G285 -> 0 | J285: =D285*E285*F285*G285*H285 -> 0 | K285: 25
B286: V. | I286: =E286*F286*G286 -> 0 | J286: =D286*E286*F286*G286*H286 -> 0 | K286: 25
B287: V. | I287: =E287*F287*G287 -> 0 | J287: =D287*E287*F287*G287*H287 -> 0 | K287: 25
B288: V. | I288: =E288*F288*G288 -> 0 | J288: =D288*E288*F288*G288*H288 -> 0 | K288: 25
... B326: V. | I326: =E326*F326*G326 -> 0 | J326: =D326*E326*F326*G326*H326 -> 0 | K326: 25
F327: Forma (m²) | G327: Concreto FCK
B328: TOTAL: | E328: =SUM(J225:J327) -> 0 | G328: 25 | H328: 30 | I328: 35 | J328: 40 | K328: 50
F329: =SUM(I225:I326) -> 0 | G329: =SUMIF($K$225:$K$326,G328,$J$225:$J$326) -> 0 | H329: =SUMIF($K$225:$K$326,H328,$J$225:$J$326) -> 0 | I329: =SUMIF($K$225:$K$326,I328,$J$225:$J$326) -> 0 | J329: =SUMIF($K$225:$K$326,J328,$J$225:$J$326) -> 0 | K329: =SUMIF($K$225:$K$326,K328,$J$225:$J$326) -> 0
F332: LEVANTAMENTO DE PILARES
...

Sheet Térreo
F2: LEVANTAMENTO DE LAJES COM CUBETAS
B4: No ORDEM | C4: QUANT. | D4: BASE | E4: ALTURA | F4: COMPRIMENTO | G4: QTDE CUBETAS | H4: VOLUME CUBETA | I4: AREA FORMA | J4: VOL. CONCRETO | K4: FCK | L4: DETALHES DA CUBETA
H5: PERIFERIA | L5: Largura | M5: Comprimento
A6: L. | I6: =C6*D6*F6-(G6*L6*M6) -> 0 | J6: =C6*D6*E6*F6-(G6*H6) -> 0 | K6: 25
A7: L. | I7: =C7*D7*F7-(G7*L7*M7) -> 0 | J7: =C7*D7*E7*F7-(G7*H7) -> 0 | K7: 25
A8: L. | I8: =C8*D8*F8-(G8*L8*M8) -> 0 | J8: =C8*D8*E8*F8-(G8*H8) -> 0 | K8: 25
A9: L. | I9: =C9*D9*F9-(G9*L9*M9) -> 0 | J9: =C9*D9*E9*F9-(G9*H9) -> 0 | K9: 25
A10: L. | I10: =C10*D10*F10-(G10*L10*M10) -> 0 | J10: =C10*D10*E10*F10-(G10*H10) -> 0 | K10: 25
A11: L. | I11: =C11*D11*F11-(G11*L11*M11) -> 0 | J11: =C11*D11*E11*F11-(G11*H11) -> 0 | K11: 25
A12: L. | I12: =C12*D12*F12-(G12*L12*M12) -> 0 | J12: =C12*D12*E12*F12-(G12*H12) -> 0 | K12: 25
A13: L. | I13: =C13*D13*F13-(G13*L13*M13) -> 0 | J13: =C13*D13*E13*F13-(G13*H13) -> 0 | K13: 25
A14: L. | I14: =C14*D14*F14-(G14*L14*M14) -> 0 | J14: =C14*D14*E14*F14-(G14*H14) -> 0 | K14: 25
A15: L. | I15: =C15*D15*F15-(G15*L15*M15) -> 0 | J15: =C15*D15*E15*F15-(G15*H15) -> 0 | K15: 25
A16: L. | I16: =C16*D16*F16-(G16*L16*M16) -> 0 | J16: =C16*D16*E16*F16-(G16*H16) -> 0 | K16: 25
A17: L. | I17: =C17*D17*F17-(G17*L17*M17) -> 0 | J17: =C17*D17*E17*F17-(G17*H17) -> 0 | K17: 25
... A55: L. | I55: =C55*D55*F55-(G55*L55*M55) -> 0 | J55: =C55*D55*E55*F55-(G55*H55) -> 0 | K55: 25
H56: TORRE
A57: L. | I57: =C57*D57*F57-(G57*L57*M57) -> 0 | J57: =C57*D57*E57*F57-(G57*H57) -> 0 | K57: 25
A58: L. | I58: =C58*D58*F58-(G58*L58*M58) -> 0 | J58: =C58*D58*E58*F58-(G58*H58) -> 0 | K58: 25
A59: L. | I59: =C59*D59*F59-(G59*L59*M59) -> 0 | J59: =C59*D59*E59*F59-(G59*H59) -> 0 | K59: 25
A60: L. | I60: =C60*D60*F60-(G60*L60*M60) -> 0 | J60: =C60*D60*E60*F60-(G60*H60) -> 0 | K60: 25
A61: L. | I61: =C61*D61*F61-(G61*L61*M61) -> 0 | J61: =C61*D61*E61*F61-(G61*H61) -> 0 | K61: 25
A62: L. | I62: =C62*D62*F62-(G62*L62*M62) -> 0 | J62: =C62*D62*E62*F62-(G62*H62) -> 0 | K62: 25
A63: L. | I63: =C63*D63*F63-(G63*L63*M63) -> 0 | J63: =C63*D63*E63*F63-(G63*H63) -> 0 | K63: 25
A64: L. | I64: =C64*D64*F64-(G64*L64*M64) -> 0 | J64: =C64*D64*E64*F64-(G64*H64) -> 0 | K64: 25
A65: L. | I65: =C65*D65*F65-(G65*L65*M65) -> 0 | J65: =C65*D65*E65*F65-(G65*H65) -> 0 | K65: 25
A66: L. | I66: =C66*D66*F66-(G66*L66*M66) -> 0 | J66: =C66*D66*E66*F66-(G66*H66) -> 0 | K66: 25
A67: L. | I67: =C67*D67*F67-(G67*L67*M67) -> 0 | J67: =C67*D67*E67*F67-(G67*H67) -> 0 | K67: 25
A68: L. | I68: =C68*D68*F68-(G68*L68*M68) -> 0 | J68: =C68*D68*E68*F68-(G68*H68) -> 0 | K68: 25
... A106: L. | I106: =C106*D106*F106-(G106*L106*M106) -> 0 | J106: =C106*D106*E106*F106-(G106*H106) -> 0 | K106: 25
F107: Forma (m²) | G107: Concreto FCK
A108: TOTAL: | E108: =SUM(J5:J107) -> 0 | G108: 25 | H108: 30 | I108: 35 | J108: 40 | K108: 50
F109: =SUM(I5:I106) -> 0 | G109: =SUMIF($K$5:$K$106,G108,$J$5:$J$106) -> 0 | H109: =SUMIF($K$5:$K$106,H108,$J$5:$J$106) -> 0 | I109: =SUMIF($K$5:$K$106,I108,$J$5:$J$106) -> 0 | J109: =SUMIF($K$5:$K$106,J108,$J$5:$J$106) -> 0 | K109: =SUMIF($K$5:$K$106,K108,$J$5:$J$106) -> 0
F112: LEVANTAMENTO DE LAJES SEM CUBETAS
D114: No ORDEM | E114: QUANT. | F114: LARGURA | G114: COMPRIMENTO | H114: ALTURA | I114: AREA FORMA | J114: VOL. CONCRETO | K114: FCK
G115: PERIFERIA
C116: L. | I116: =E116*F116*G116 -> 0 | J116: =E116*F116*G116*H116 -> 0 | K116: 25
C117: L. | I117: =E117*F117*G117 -> 0 | J117: =E117*F117*G117*H117 -> 0 | K117: 25
C118: L. | I118: =E118*F118*G118 -> 0 | J118: =E118*F118*G118*H118 -> 0 | K118: 25
C119: L. | I119: =E119*F119*G119 -> 0 | J119: =E119*F119*G119*H119 -> 0 | K119: 25
C120: L. | I120: =E120*F120*G120 -> 0 | J120: =E120*F120*G120*H120 -> 0 | K120: 25
C121: L. | I121: =E121*F121*G121 -> 0 | J121: =E121*F121*G121*H121 -> 0 | K121: 25
C122: L. | I122: =E122*F122*G122 -> 0 | J122: =E122*F122*G122*H122 -> 0 | K122: 25
C123: L. | I123: =E123*F123*G123 -> 0 | J123: =E123*F123*G123*H123 -> 0 | K123: 25
C124: L. | I124: =E124*F124*G124 -> 0 | J124: =E124*F124*G124*H124 -> 0 | K124: 25
C125: L. | I125: =E125*F125*G125 -> 0 | J125: =E125*F125*G125*H125 -> 0 | K125: 25
C126: L. | I126: =E126*F126*G126 -> 0 | J126: =E126*F126*G126*H126 -> 0 | K126: 25
C127: L. | I127: =E127*F127*G127 -> 0 | J127: =E127*F127*G127*H127 -> 0 | K127: 25
... C165: L. | I165: =E165*F165*G165 -> 0 | J165: =E165*F165*G165*H165 -> 0 | K165: 25
G166: TORRE
C167: L. | I167: =E167*F167*G167 -> 0 | J167: =E167*F167*G167*H167 -> 0 | K167: 25
C168: L. | I168: =E168*F168*G168 -> 0 | J168: =E168*F168*G168*H168 -> 0 | K168: 25
C169: L. | I169: =E169*F169*G169 -> 0 | J169: =E169*F169*G169*H169 -> 0 | K169: 25
C170: L. | I170: =E170*F170*G170 -> 0 | J170: =E170*F170*G170*H170 -> 0 | K170: 25
C171: L. | I171: =E171*F171*G171 -> 0 | J171: =E171*F171*G171*H171 -> 0 | K171: 25
C172: L. | I172: =E172*F172*G172 -> 0 | J172: =E172*F172*G172*H172 -> 0 | K172: 25
C173: L. | I173: =E173*F173*G173 -> 0 | J173: =E173*F173*G173*H173 -> 0 | K173: 25
C174: L. | I174: =E174*F174*G174 -> 0 | J174: =E174*F174*G174*H174 -> 0 | K174: 25
C175: L. | I175: =E175*F175*G175 -> 0 | J175: =E175*F175*G175*H175 -> 0 | K175: 25
C176: L. | I176: =E176*F176*G176 -> 0 | J176: =E176*F176*G176*H176 -> 0 | K176: 25
C177: L. | I177: =E177*F177*G177 -> 0 | J177: =E177*F177*G177*H177 -> 0 | K177: 25
C178: L. | I178: =E178*F178*G178 -> 0 | J178: =E178*F178*G178*H178 -> 0 | K178: 25
... C216: L. | I216: =E216*F216*G216 -> 0 | J216: =E216*F216*G216*H216 -> 0 | K216: 25
F217: Forma (m²) | G217: Concreto FCK
C218: TOTAL: | E218: =SUM(J115:J217) -> 0 | G218: 25 | H218: 30 | I218: 35 | J218: 40 | K218: 50
F219: =SUM(I115:I216) -> 0 | G219: =SUMIF($K$115:$K$216,G218,$J$115:$J$216) -> 0 | H219: =SUMIF($K$115:$K$216,H218,$J$115:$J$216) -> 0 | I219: =SUMIF($K$115:$K$216,I218,$J$115:$J$216) -> 0 | J219: =SUMIF($K$115:$K$216,J218,$J$115:$J$216) -> 0 | K219: =SUMIF($K$115:$K$216,K218,$J$115:$J$216) -> 0
F222: LEVANTAMENTO DE VIGAS
C224: No ORDEM | D224: QUANT. | E224: BASE | F224: ALTURA | G224: COMPRIMENTO | H224: ESPESSURA LAJE | I224: AREA FORMA | J224: VOL. CONCRETO | K224: FCK
G225: PERIFERIA
B226: V. | I226: =E226*F226*G226 -> 0 | J226: =D226*E226*F226*G226*H226 -> 0 | K226: 25
B227: V. | I227: =E227*F227*G227 -> 0 | J227: =D227*E227*F227*G227*H227 -> 0 | K227: 25
B228: V. | I228: =E228*F228*G228 -> 0 | J228: =D228*E228*F228*G228*H228 -> 0 | K228: 25
B229: V. | I229: =E229*F229*G229 -> 0 | J229: =D229*E229*F229*G229*H229 -> 0 | K229: 25
B230: V. | I230: =E230*F230*G230 -> 0 | J230: =D230*E230*F230*G230*H230 -> 0 | K230: 25
B231: V. | I231: =E231*F231*G231 -> 0 | J231: =D231*E231*F231*G231*H231 -> 0 | K231: 25
B232: V. | I232: =E232*F232*G232 -> 0 | J232: =D232*E232*F232*G232*H232 -> 0 | K232: 25
B233: V. | I233: =E233*F233*G233 -> 0 | J233: =D233*E233*F233*G233*H233 -> 0 | K233: 25
B234: V. | I234: =E234*F234*G234 -> 0 | J234: =D234*E234*F234*G234*H234 -> 0 | K234: 25
B235: V. | I235: =E235*F235*G235 -> 0 | J235: =D235*E235*F235*G235*H235 -> 0 | K235: 25
B236: V. | I236: =E236*F236*G236 -> 0 | J236: =D236*E236*F236*G236*H236 -> 0 | K236: 25
B237: V. | I237: =E237*F237*G237 -> 0 | J237: =D237*E237*F237*G237*H237 -> 0 | K237: 25
... B275: V. | I275: =E275*F275*G275 -> 0 | J275: =D275*E275*F275*G275*H275 -> 0 | K275: 25
G276: TORRE
B277: V. | I277: =E277*F277*G277 -> 0 | J277: =D277*E277*F277*G277*H277 -> 0 | K277: 25
B278: V. | I278: =E278*F278*G278 -> 0 | J278: =D278*E278*F278*G278*H278 -> 0 | K278: 25
B279: V. | I279: =E279*F279*G279 -> 0 | J279: =D279*E279*F279*G279*H279 -> 0 | K279: 25
B280: V. | I280: =E280*F280*G280 -> 0 | J280: =D280*E280*F280*G280*H280 -> 0 | K280: 25
B281: V. | I281: =E281*F281*G281 -> 0 | J281: =D281*E281*F281*G281*H281 -> 0 | K281: 25
B282: V. | I282: =E282*F282*G282 -> 0 | J282: =D282*E282*F282*G282*H282 -> 0 | K282: 25
B283: V. | I283: =E283*F283*G283 -> 0 | J283: =D283*E283*F283*G283*H283 -> 0 | K283: 25
B284: V. | I284: =E284*F284*G284 -> 0 | J284: =D284*E284*F284*G284*H284 -> 0 | K284: 25
B285: V. | I285: =E285*F285*G285 -> 0 | J285: =D285*E285*F285*G285*H285 -> 0 | K285: 25
B286: V. | I286: =E286*F286*G286 -> 0 | J286: =D286*E286*F286*G286*H286 -> 0 | K286: 25
B287: V. | I287: =E287*F287*G287 -> 0 | J287: =D287*E287*F287*G287*H287 -> 0 | K287: 25
B288: V. | I288: =E288*F288*G288 -> 0 | J288: =D288*E288*F288*G288*H288 -> 0 | K288: 25
... B326: V. | I326: =E326*F326*G326 -> 0 | J326: =D326*E326*F326*G326*H326 -> 0 | K326: 25
F327: Forma (m²) | G327: Concreto FCK
B328: TOTAL: | E328: =SUM(J225:J327) -> 0 | G328: 25 | H328: 30 | I328: 35 | J328: 40 | K328: 50
F329: =SUM(I225:I326) -> 0 | G329: =SUMIF($K$225:$K$326,G328,$J$225:$J$326) -> 0 | H329: =SUMIF($K$225:$K$326,H328,$J$225:$J$326) -> 0 | I329: =SUMIF($K$225:$K$326,I328,$J$225:$J$326) -> 0 | J329: =SUMIF($K$225:$K$326,J328,$J$225:$J$326) -> 0 | K329: =SUMIF($K$225:$K$326,K328,$J$225:$J$326) -> 0
F332: LEVANTAMENTO DE PILARES
...

Sheet 1° Pav
F2: LEVANTAMENTO DE LAJES COM CUBETAS
B4: No ORDEM | C4: QUANT. | D4: BASE | E4: ALTURA | F4: COMPRIMENTO | G4: QTDE CUBETAS | H4: VOLUME CUBETA | I4: AREA FORMA | J4: VOL. CONCRETO | K4: FCK | L4: DETALHES DA CUBETA
H5: PERIFERIA | L5: Largura | M5: Comprimento
A6: L. | I6: =C6*D6*F6-(G6*L6*M6) -> 0 | J6: =C6*D6*E6*F6-(G6*H6) -> 0 | K6: 25
A7: L. | I7: =C7*D7*F7-(G7*L7*M7) -> 0 | J7: =C7*D7*E7*F7-(G7*H7) -> 0 | K7: 25
A8: L. | I8: =C8*D8*F8-(G8*L8*M8) -> 0 | J8: =C8*D8*E8*F8-(G8*H8) -> 0 | K8: 25
A9: L. | I9: =C9*D9*F9-(G9*L9*M9) -> 0 | J9: =C9*D9*E9*F9-(G9*H9) -> 0 | K9: 25
A10: L. | I10: =C10*D10*F10-(G10*L10*M10) -> 0 | J10: =C10*D10*E10*F10-(G10*H10) -> 0 | K10: 25
A11: L. | I11: =C11*D11*F11-(G11*L11*M11) -> 0 | J11: =C11*D11*E11*F11-(G11*H11) -> 0 | K11: 25
A12: L. | I12: =C12*D12*F12-(G12*L12*M12) -> 0 | J12: =C12*D12*E12*F12-(G12*H12) -> 0 | K12: 25
A13: L. | I13: =C13*D13*F13-(G13*L13*M13) -> 0 | J13: =C13*D13*E13*F13-(G13*H13) -> 0 | K13: 25
A14: L. | I14: =C14*D14*F14-(G14*L14*M14) -> 0 | J14: =C14*D14*E14*F14-(G14*H14) -> 0 | K14: 25
A15: L. | I15: =C15*D15*F15-(G15*L15*M15) -> 0 | J15: =C15*D15*E15*F15-(G15*H15) -> 0 | K15: 25
A16: L. | I16: =C16*D16*F16-(G16*L16*M16) -> 0 | J16: =C16*D16*E16*F16-(G16*H16) -> 0 | K16: 25
A17: L. | I17: =C17*D17*F17-(G17*L17*M17) -> 0 | J17: =C17*D17*E17*F17-(G17*H17) -> 0 | K17: 25
... A55: L. | I55: =C55*D55*F55-(G55*L55*M55) -> 0 | J55: =C55*D55*E55*F55-(G55*H55) -> 0 | K55: 25
H56: TORRE
A57: L. | I57: =C57*D57*F57-(G57*L57*M57) -> 0 | J57: =C57*D57*E57*F57-(G57*H57) -> 0 | K57: 25
A58: L. | I58: =C58*D58*F58-(G58*L58*M58) -> 0 | J58: =C58*D58*E58*F58-(G58*H58) -> 0 | K58: 25
A59: L. | I59: =C59*D59*F59-(G59*L59*M59) -> 0 | J59: =C59*D59*E59*F59-(G59*H59) -> 0 | K59: 25
A60: L. | I60: =C60*D60*F60-(G60*L60*M60) -> 0 | J60: =C60*D60*E60*F60-(G60*H60) -> 0 | K60: 25
A61: L. | I61: =C61*D61*F61-(G61*L61*M61) -> 0 | J61: =C61*D61*E61*F61-(G61*H61) -> 0 | K61: 25
A62: L. | I62: =C62*D62*F62-(G62*L62*M62) -> 0 | J62: =C62*D62*E62*F62-(G62*H62) -> 0 | K62: 25
A63: L. | I63: =C63*D63*F63-(G63*L63*M63) -> 0 | J63: =C63*D63*E63*F63-(G63*H63) -> 0 | K63: 25
A64: L. | I64: =C64*D64*F64-(G64*L64*M64) -> 0 | J64: =C64*D64*E64*F64-(G64*H64) -> 0 | K64: 25
A65: L. | I65: =C65*D65*F65-(G65*L65*M65) -> 0 | J65: =C65*D65*E65*F65-(G65*H65) -> 0 | K65: 25
A66: L. | I66: =C66*D66*F66-(G66*L66*M66) -> 0 | J66: =C66*D66*E66*F66-(G66*H66) -> 0 | K66: 25
A67: L. | I67: =C67*D67*F67-(G67*L67*M67) -> 0 | J67: =C67*D67*E67*F67-(G67*H67) -> 0 | K67: 25
A68: L. | I68: =C68*D68*F68-(G68*L68*M68) -> 0 | J68: =C68*D68*E68*F68-(G68*H68) -> 0 | K68: 25
... A106: L. | I106: =C106*D106*F106-(G106*L106*M106) -> 0 | J106: =C106*D106*E106*F106-(G106*H106) -> 0 | K106: 25
F107: Forma (m²) | G107: Concreto FCK
A108: TOTAL: | E108: =SUM(J5:J107) -> 0 | G108: 25 | H108: 30 | I108: 35 | J108: 40 | K108: 50
F109: =SUM(I5:I106) -> 0 | G109: =SUMIF($K$5:$K$106,G108,$J$5:$J$106) -> 0 | H109: =SUMIF($K$5:$K$106,H108,$J$5:$J$106) -> 0 | I109: =SUMIF($K$5:$K$106,I108,$J$5:$J$106) -> 0 | J109: =SUMIF($K$5:$K$106,J108,$J$5:$J$106) -> 0 | K109: =SUMIF($K$5:$K$106,K108,$J$5:$J$106) -> 0
F112: LEVANTAMENTO DE LAJES SEM CUBETAS
D114: No ORDEM | E114: QUANT. | F114: LARGURA | G114: COMPRIMENTO | H114: ALTURA | I114: AREA FORMA | J114: VOL. CONCRETO | K114: FCK
G115: PERIFERIA
C116: L. | I116: =E116*F116*G116 -> 0 | J116: =E116*F116*G116*H116 -> 0 | K116: 25
C117: L. | I117: =E117*F117*G117 -> 0 | J117: =E117*F117*G117*H117 -> 0 | K117: 25
C118: L. | I118: =E118*F118*G118 -> 0 | J118: =E118*F118*G118*H118 -> 0 | K118: 25
C119: L. | I119: =E119*F119*G119 -> 0 | J119: =E119*F119*G119*H119 -> 0 | K119: 25
C120: L. | I120: =E120*F120*G120 -> 0 | J120: =E120*F120*G120*H120 -> 0 | K120: 25
C121: L. | I121: =E121*F121*G121 -> 0 | J121: =E121*F121*G121*H121 -> 0 | K121: 25
C122: L. | I122: =E122*F122*G122 -> 0 | J122: =E122*F122*G122*H122 -> 0 | K122: 25
C123: L. | I123: =E123*F123*G123 -> 0 | J123: =E123*F123*G123*H123 -> 0 | K123: 25
C124: L. | I124: =E124*F124*G124 -> 0 | J124: =E124*F124*G124*H124 -> 0 | K124: 25
C125: L. | I125: =E125*F125*G125 -> 0 | J125: =E125*F125*G125*H125 -> 0 | K125: 25
C126: L. | I126: =E126*F126*G126 -> 0 | J126: =E126*F126*G126*H126 -> 0 | K126: 25
C127: L. | I127: =E127*F127*G127 -> 0 | J127: =E127*F127*G127*H127 -> 0 | K127: 25
... C165: L. | I165: =E165*F165*G165 -> 0 | J165: =E165*F165*G165*H165 -> 0 | K165: 25
G166: TORRE
C167: L. | I167: =E167*F167*G167 -> 0 | J167: =E167*F167*G167*H167 -> 0 | K167: 25
C168: L. | I168: =E168*F168*G168 -> 0 | J168: =E168*F168*G168*H168 -> 0 | K168: 25
C169: L. | I169: =E169*F169*G169 -> 0 | J169: =E169*F169*G169*H169 -> 0 | K169: 25
C170: L. | I170: =E170*F170*G170 -> 0 | J170: =E170*F170*G170*H170 -> 0 | K170: 25
C171: L. | I171: =E171*F171*G171 -> 0 | J171: =E171*F171*G171*H171 -> 0 | K171: 25
C172: L. | I172: =E172*F172*G172 -> 0 | J172: =E172*F172*G172*H172 -> 0 | K172: 25
C173: L. | I173: =E173*F173*G173 -> 0 | J173: =E173*F173*G173*H173 -> 0 | K173: 25
C174: L. | I174: =E174*F174*G174 -> 0 | J174: =E174*F174*G174*H174 -> 0 | K174: 25
C175: L. | I175: =E175*F175*G175 -> 0 | J175: =E175*F175*G175*H175 -> 0 | K175: 25
C176: L. | I176: =E176*F176*G176 -> 0 | J176: =E176*F176*G176*H176 -> 0 | K176: 25
C177: L. | I177: =E177*F177*G177 -> 0 | J177: =E177*F177*G177*H177 -> 0 | K177: 25
C178: L. | I178: =E178*F178*G178 -> 0 | J178: =E178*F178*G178*H178 -> 0 | K178: 25
... C216: L. | I216: =E216*F216*G216 -> 0 | J216: =E216*F216*G216*H216 -> 0 | K216: 25
F217: Forma (m²) | G217: Concreto FCK
C218: TOTAL: | E218: =SUM(J115:J217) -> 0 | G218: 25 | H218: 30 | I218: 35 | J218: 40 | K218: 50
F219: =SUM(I115:I216) -> 0 | G219: =SUMIF($K$115:$K$216,G218,$J$115:$J$216) -> 0 | H219: =SUMIF($K$115:$K$216,H218,$J$115:$J$216) -> 0 | I219: =SUMIF($K$115:$K$216,I218,$J$115:$J$216) -> 0 | J219: =SUMIF($K$115:$K$216,J218,$J$115:$J$216) -> 0 | K219: =SUMIF($K$115:$K$216,K218,$J$115:$J$216) -> 0
F222: LEVANTAMENTO DE VIGAS
C224: No ORDEM | D224: QUANT. | E224: BASE | F224: ALTURA | G224: COMPRIMENTO | H224: ESPESSURA LAJE | I224: AREA FORMA | J224: VOL. CONCRETO | K224: FCK
G225: PERIFERIA
B226: V. | I226: =E226*F226*G226 -> 0 | J226: =D226*E226*F226*G226*H226 -> 0 | K226: 25
B227: V. | I227: =E227*F227*G227 -> 0 | J227: =D227*E227*F227*G227*H227 -> 0 | K227: 25
B228: V. | I228: =E228*F228*G228 -> 0 | J228: =D228*E228*F228*G228*H228 -> 0 | K228: 25
B229: V. | I229: =E229*F229*G229 -> 0 | J229: =D229*E229*F229*G229*H229 -> 0 | K229: 25
B230: V. | I230: =E230*F230*G230 -> 0 | J230: =D230*E230*F230*G230*H230 -> 0 | K230: 25
B231: V. | I231: =E231*F231*G231 -> 0 | J231: =D231*E231*F231*G231*H231 -> 0 | K231: 25
B232: V. | I232: =E232*F232*G232 -> 0 | J232: =D232*E232*F232*G232*H232 -> 0 | K232: 25
B233: V. | I233: =E233*F233*G233 -> 0 | J233: =D233*E233*F233*G233*H233 -> 0 | K233: 25
B234: V. | I234: =E234*F234*G234 -> 0 | J234: =D234*E234*F234*G234*H234 -> 0 | K234: 25
B235: V. | I235: =E235*F235*G235 -> 0 | J235: =D235*E235*F235*G235*H235 -> 0 | K235: 25
B236: V. | I236: =E236*F236*G236 -> 0 | J236: =D236*E236*F236*G236*H236 -> 0 | K236: 25
B237: V. | I237: =E237*F237*G237 -> 0 | J237: =D237*E237*F237*G237*H237 -> 0 | K237: 25
... B275: V. | I275: =E275*F275*G275 -> 0 | J275: =D275*E275*F275*G275*H275 -> 0 | K275: 25
G276: TORRE
B277: V. | I277: =E277*F277*G277 -> 0 | J277: =D277*E277*F277*G277*H277 -> 0 | K277: 25
B278: V. | I278: =E278*F278*G278 -> 0 | J278: =D278*E278*F278*G278*H278 -> 0 | K278: 25
B279: V. | I279: =E279*F279*G279 -> 0 | J279: =D279*E279*F279*G279*H279 -> 0 | K279: 25
B280: V. | I280: =E280*F280*G280 -> 0 | J280: =D280*E280*F280*G280*H280 -> 0 | K280: 25
B281: V. | I281: =E281*F281*G281 -> 0 | J281: =D281*E281*F281*G281*H281 -> 0 | K281: 25
B282: V. | I282: =E282*F282*G282 -> 0 | J282: =D282*E282*F282*G282*H282 -> 0 | K282: 25
B283: V. | I283: =E283*F283*G283 -> 0 | J283: =D283*E283*F283*G283*H283 -> 0 | K283: 25
B284: V. | I284: =E284*F284*G284 -> 0 | J284: =D284*E284*F284*G284*H284 -> 0 | K284: 25
B285: V. | I285: =E285*F285*G285 -> 0 | J285: =D285*E285*F285*G285*H285 -> 0 | K285: 25
B286: V. | I286: =E286*F286*G286 -> 0 | J286: =D286*E286*F286*G286*H286 -> 0 | K286: 25
B287: V. | I287: =E287*F287*G287 -> 0 | J287: =D287*E287*F287*G287*H287 -> 0 | K287: 25
B288: V. | I288: =E288*F288*G288 -> 0 | J288: =D288*E288*F288*G288*H288 -> 0 | K288: 25
... B326: V. | I326: =E326*F326*G326 -> 0 | J326: =D326*E326*F326*G326*H326 -> 0 | K326: 25
F327: Forma (m²) | G327: Concreto FCK
B328: TOTAL: | E328: =SUM(J225:J327) -> 0 | G328: 25 | H328: 30 | I328: 35 | J328: 40 | K328: 50
F329: =SUM(I225:I326) -> 0 | G329: =SUMIF($K$225:$K$326,G328,$J$225:$J$326) -> 0 | H329: =SUMIF($K$225:$K$326,H328,$J$225:$J$326) -> 0 | I329: =SUMIF($K$225:$K$326,I328,$J$225:$J$326) -> 0 | J329: =SUMIF($K$225:$K$326,J328,$J$225:$J$326) -> 0 | K329: =SUMIF($K$225:$K$326,K328,$J$225:$J$326) -> 0
F332: LEVANTAMENTO DE PILARES
...

Sheet 2° Pav
F2: LEVANTAMENTO DE LAJES COM CUBETAS
B4: No ORDEM | C4: QUANT. | D4: BASE | E4: ALTURA | F4: COMPRIMENTO | G4: QTDE CUBETAS | H4: VOLUME CUBETA | I4: AREA FORMA | J4: VOL. CONCRETO | K4: FCK | L4: DETALHES DA CUBETA
H5: PERIFERIA | L5: Largura | M5: Comprimento
A6: L. | I6: =C6*D6*F6-(G6*L6*M6) -> 0 | J6: =C6*D6*E6*F6-(G6*H6) -> 0 | K6: 25
A7: L. | I7: =C7*D7*F7-(G7*L7*M7) -> 0 | J7: =C7*D7*E7*F7-(G7*H7) -> 0 | K7: 25
A8: L. | I8: =C8*D8*F8-(G8*L8*M8) -> 0 | J8: =C8*D8*E8*F8-(G8*H8) -> 0 | K8: 25
A9: L. | I9: =C9*D9*F9-(G9*L9*M9) -> 0 | J9: =C9*D9*E9*F9-(G9*H9) -> 0 | K9: 25
A10: L. | I10: =C10*D10*F10-(G10*L10*M10) -> 0 | J10: =C10*D10*E10*F10-(G10*H10) -> 0 | K10: 25
A11: L. | I11: =C11*D11*F11-(G11*L11*M11) -> 0 | J11: =C11*D11*E11*F11-(G11*H11) -> 0 | K11: 25
A12: L. | I12: =C12*D12*F12-(G12*L12*M12) -> 0 | J12: =C12*D12*E12*F12-(G12*H12) -> 0 | K12: 25
A13: L. | I13: =C13*D13*F13-(G13*L13*M13) -> 0 | J13: =C13*D13*E13*F13-(G13*H13) -> 0 | K13: 25
A14: L. | I14: =C14*D14*F14-(G14*L14*M14) -> 0 | J14: =C14*D14*E14*F14-(G14*H14) -> 0 | K14: 25
A15: L. | I15: =C15*D15*F15-(G15*L15*M15) -> 0 | J15: =C15*D15*E15*F15-(G15*H15) -> 0 | K15: 25
A16: L. | I16: =C16*D16*F16-(G16*L16*M16) -> 0 | J16: =C16*D16*E16*F16-(G16*H16) -> 0 | K16: 25
A17: L. | I17: =C17*D17*F17-(G17*L17*M17) -> 0 | J17: =C17*D17*E17*F17-(G17*H17) -> 0 | K17: 25
... A55: L. | I55: =C55*D55*F55-(G55*L55*M55) -> 0 | J55: =C55*D55*E55*F55-(G55*H55) -> 0 | K55: 25
H56: TORRE
A57: L. | I57: =C57*D57*F57-(G57*L57*M57) -> 0 | J57: =C57*D57*E57*F57-(G57*H57) -> 0 | K57: 25
A58: L. | I58: =C58*D58*F58-(G58*L58*M58) -> 0 | J58: =C58*D58*E58*F58-(G58*H58) -> 0 | K58: 25
A59: L. | I59: =C59*D59*F59-(G59*L59*M59) -> 0 | J59: =C59*D59*E59*F59-(G59*H59) -> 0 | K59: 25
A60: L. | I60: =C60*D60*F60-(G60*L60*M60) -> 0 | J60: =C60*D60*E60*F60-(G60*H60) -> 0 | K60: 25
A61: L. | I61: =C61*D61*F61-(G61*L61*M61) -> 0 | J61: =C61*D61*E61*F61-(G61*H61) -> 0 | K61: 25
A62: L. | I62: =C62*D62*F62-(G62*L62*M62) -> 0 | J62: =C62*D62*E62*F62-(G62*H62) -> 0 | K62: 25
A63: L. | I63: =C63*D63*F63-(G63*L63*M63) -> 0 | J63: =C63*D63*E63*F63-(G63*H63) -> 0 | K63: 25
A64: L. | I64: =C64*D64*F64-(G64*L64*M64) -> 0 | J64: =C64*D64*E64*F64-(G64*H64) -> 0 | K64: 25
A65: L. | I65: =C65*D65*F65-(G65*L65*M65) -> 0 | J65: =C65*D65*E65*F65-(G65*H65) -> 0 | K65: 25
A66: L. | I66: =C66*D66*F66-(G66*L66*M66) -> 0 | J66: =C66*D66*E66*F66-(G66*H66) -> 0 | K66: 25
A67: L. | I67: =C67*D67*F67-(G67*L67*M67) -> 0 | J67: =C67*D67*E67*F67-(G67*H67) -> 0 | K67: 25
A68: L. | I68: =C68*D68*F68-(G68*L68*M68) -> 0 | J68: =C68*D68*E68*F68-(G68*H68) -> 0 | K68: 25
... A106: L. | I106: =C106*D106*F106-(G106*L106*M106) -> 0 | J106: =C106*D106*E106*F106-(G106*H106) -> 0 | K106: 25
F107: Forma (m²) | G107: Concreto FCK
A108: TOTAL: | E108: =SUM(J5:J107) -> 0 | G108: 25 | H108: 30 | I108: 35 | J108: 40 | K108: 50
F109: =SUM(I5:I106) -> 0 | G109: =SUMIF($K$5:$K$106,G108,$J$5:$J$106) -> 0 | H109: =SUMIF($K$5:$K$106,H108,$J$5:$J$106) -> 0 | I109: =SUMIF($K$5:$K$106,I108,$J$5:$J$106) -> 0 | J109: =SUMIF($K$5:$K$106,J108,$J$5:$J$106) -> 0 | K109: =SUMIF($K$5:$K$106,K108,$J$5:$J$106) -> 0
F112: LEVANTAMENTO DE LAJES SEM CUBETAS
D114: No ORDEM | E114: QUANT. | F114: LARGURA | G114: COMPRIMENTO | H114: ALTURA | I114: AREA FORMA | J114: VOL. CONCRETO | K114: FCK
G115: PERIFERIA
C116: L. | I116: =E116*F116*G116 -> 0 | J116: =E116*F116*G116*H116 -> 0 | K116: 25
C117: L. | I117: =E117*F117*G117 -> 0 | J117: =E117*F117*G117*H117 -> 0 | K117: 25
C118: L. | I118: =E118*F118*G118 -> 0 | J118: =E118*F118*G118*H118 -> 0 | K118: 25
C119: L. | I119: =E119*F119*G119 -> 0 | J119: =E119*F119*G119*H119 -> 0 | K119: 25
C120: L. | I120: =E120*F120*G120 -> 0 | J120: =E120*F120*G120*H120 -> 0 | K120: 25
C121: L. | I121: =E121*F121*G121 -> 0 | J121: =E121*F121*G121*H121 -> 0 | K121: 25
C122: L. | I122: =E122*F122*G122 -> 0 | J122: =E122*F122*G122*H122 -> 0 | K122: 25
C123: L. | I123: =E123*F123*G123 -> 0 | J123: =E123*F123*G123*H123 -> 0 | K123: 25
C124: L. | I124: =E124*F124*G124 -> 0 | J124: =E124*F124*G124*H124 -> 0 | K124: 25
C125: L. | I125: =E125*F125*G125 -> 0 | J125: =E125*F125*G125*H125 -> 0 | K125: 25
C126: L. | I126: =E126*F126*G126 -> 0 | J126: =E126*F126*G126*H126 -> 0 | K126: 25
C127: L. | I127: =E127*F127*G127 -> 0 | J127: =E127*F127*G127*H127 -> 0 | K127: 25
... C165: L. | I165: =E165*F165*G165 -> 0 | J165: =E165*F165*G165*H165 -> 0 | K165: 25
G166: TORRE
C167: L. | I167: =E167*F167*G167 -> 0 | J167: =E167*F167*G167*H167 -> 0 | K167: 25
C168: L. | I168: =E168*F168*G168 -> 0 | J168: =E168*F168*G168*H168 -> 0 | K168: 25
C169: L. | I169: =E169*F169*G169 -> 0 | J169: =E169*F169*G169*H169 -> 0 | K169: 25
C170: L. | I170: =E170*F170*G170 -> 0 | J170: =E170*F170*G170*H170 -> 0 | K170: 25
C171: L. | I171: =E171*F171*G171 -> 0 | J171: =E171*F171*G171*H171 -> 0 | K171: 25
C172: L. | I172: =E172*F172*G172 -> 0 | J172: =E172*F172*G172*H172 -> 0 | K172: 25
C173: L. | I173: =E173*F173*G173 -> 0 | J173: =E173*F173*G173*H173 -> 0 | K173: 25
C174: L. | I174: =E174*F174*G174 -> 0 | J174: =E174*F174*G174*H174 -> 0 | K174: 25
C175: L. | I175: =E175*F175*G175 -> 0 | J175: =E175*F175*G175*H175 -> 0 | K175: 25
C176: L. | I176: =E176*F176*G176 -> 0 | J176: =E176*F176*G176*H176 -> 0 | K176: 25
C177: L. | I177: =E177*F177*G177 -> 0 | J177: =E177*F177*G177*H177 -> 0 | K177: 25
C178: L. | I178: =E178*F178*G178 -> 0 | J178: =E178*F178*G178*H178 -> 0 | K178: 25
... C216: L. | I216: =E216*F216*G216 -> 0 | J216: =E216*F216*G216*H216 -> 0 | K216: 25
F217: Forma (m²) | G217: Concreto FCK
C218: TOTAL: | E218: =SUM(J115:J217) -> 0 | G218: 25 | H218: 30 | I218: 35 | J218: 40 | K218: 50
F219: =SUM(I115:I216) -> 0 | G219: =SUMIF($K$115:$K$216,G218,$J$115:$J$216) -> 0 | H219: =SUMIF($K$115:$K$216,H218,$J$115:$J$216) -> 0 | I219: =SUMIF($K$115:$K$216,I218,$J$115:$J$216) -> 0 | J219: =SUMIF($K$115:$K$216,J218,$J$115:$J$216) -> 0 | K219: =SUMIF($K$115:$K$216,K218,$J$115:$J$216) -> 0
F222: LEVANTAMENTO DE VIGAS
C224: No ORDEM | D224: QUANT. | E224: BASE | F224: ALTURA | G224: COMPRIMENTO | H224: ESPESSURA LAJE | I224: AREA FORMA | J224: VOL. CONCRETO | K224: FCK
G225: PERIFERIA
B226: V. | I226: =E226*F226*G226 -> 0 | J226: =D226*E226*F226*G226*H226 -> 0 | K226: 25
B227: V. | I227: =E227*F227*G227 -> 0 | J227: =D227*E227*F227*G227*H227 -> 0 | K227: 25
B228: V. | I228: =E228*F228*G228 -> 0 | J228: =D228*E228*F228*G228*H228 -> 0 | K228: 25
B229: V. | I229: =E229*F229*G229 -> 0 | J229: =D229*E229*F229*G229*H229 -> 0 | K229: 25
B230: V. | I230: =E230*F230*G230 -> 0 | J230: =D230*E230*F230*G230*H230 -> 0 | K230: 25
B231: V. | I231: =E231*F231*G231 -> 0 | J231: =D231*E231*F231*G231*H231 -> 0 | K231: 25
B232: V. | I232: =E232*F232*G232 -> 0 | J232: =D232*E232*F232*G232*H232 -> 0 | K232: 25
B233: V. | I233: =E233*F233*G233 -> 0 | J233: =D233*E233*F233*G233*H233 -> 0 | K233: 25
B234: V. | I234: =E234*F234*G234 -> 0 | J234: =D234*E234*F234*G234*H234 -> 0 | K234: 25
B235: V. | I235: =E235*F235*G235 -> 0 | J235: =D235*E235*F235*G235*H235 -> 0 | K235: 25
B236: V. | I236: =E236*F236*G236 -> 0 | J236: =D236*E236*F236*G236*H236 -> 0 | K236: 25
B237: V. | I237: =E237*F237*G237 -> 0 | J237: =D237*E237*F237*G237*H237 -> 0 | K237: 25
... B275: V. | I275: =E275*F275*G275 -> 0 | J275: =D275*E275*F275*G275*H275 -> 0 | K275: 25
G276: TORRE
B277: V. | I277: =E277*F277*G277 -> 0 | J277: =D277*E277*F277*G277*H277 -> 0 | K277: 25
B278: V. | I278: =E278*F278*G278 -> 0 | J278: =D278*E278*F278*G278*H278 -> 0 | K278: 25
B279: V. | I279: =E279*F279*G279 -> 0 | J279: =D279*E279*F279*G279*H279 -> 0 | K279: 25
B280: V. | I280: =E280*F280*G280 -> 0 | J280: =D280*E280*F280*G280*H280 -> 0 | K280: 25
B281: V. | I281: =E281*F281*G281 -> 0 | J281: =D281*E281*F281*G281*H281 -> 0 | K281: 25
B282: V. | I282: =E282*F282*G282 -> 0 | J282: =D282*E282*F282*G282*H282 -> 0 | K282: 25
B283: V. | I283: =E283*F283*G283 -> 0 | J283: =D283*E283*F283*G283*H283 -> 0 | K283: 25
B284: V. | I284: =E284*F284*G284 -> 0 | J284: =D284*E284*F284*G284*H284 -> 0 | K284: 25
B285: V. | I285: =E285*F285*G285 -> 0 | J285: =D285*E285*F285*G285*H285 -> 0 | K285: 25
B286: V. | I286: =E286*F286*G286 -> 0 | J286: =D286*E286*F286*G286*H286 -> 0 | K286: 25
B287: V. | I287: =E287*F287*G287 -> 0 | J287: =D287*E287*F287*G287*H287 -> 0 | K287: 25
B288: V. | I288: =E288*F288*G288 -> 0 | J288: =D288*E288*F288*G288*H288 -> 0 | K288: 25
... B326: V. | I326: =E326*F326*G326 -> 0 | J326: =D326*E326*F326*G326*H326 -> 0 | K326: 25
F327: Forma (m²) | G327: Concreto FCK
B328: TOTAL: | E328: =SUM(J225:J327) -> 0 | G328: 25 | H328: 30 | I328: 35 | J328: 40 | K328: 50
F329: =SUM(I225:I326) -> 0 | G329: =SUMIF($K$225:$K$326,G328,$J$225:$J$326) -> 0 | H329: =SUMIF($K$225:$K$326,H328,$J$225:$J$326) -> 0 | I329: =SUMIF($K$225:$K$326,I328,$J$225:$J$326) -> 0 | J329: =SUMIF($K$225:$K$326,J328,$J$225:$J$326) -> 0 | K329: =SUMIF($K$225:$K$326,K328,$J$225:$J$326) -> 0
F332: LEVANTAMENTO DE PILARES
...

Sheet 3° Pav
F2: LEVANTAMENTO DE LAJES COM CUBETAS
B4: No ORDEM | C4: QUANT. | D4: BASE | E4: ALTURA | F4: COMPRIMENTO | G4: QTDE CUBETAS | H4: VOLUME CUBETA | I4: AREA FORMA | J4: VOL. CONCRETO | K4: FCK | L4: DETALHES DA CUBETA
H5: PERIFERIA | L5: Largura | M5: Comprimento
A6: L. | I6: =C6*D6*F6-(G6*L6*M6) -> 0 | J6: =C6*D6*E6*F6-(G6*H6) -> 0 | K6: 25
A7: L. | I7: =C7*D7*F7-(G7*L7*M7) -> 0 | J7: =C7*D7*E7*F7-(G7*H7) -> 0 | K7: 25
A8: L. | I8: =C8*D8*F8-(G8*L8*M8) -> 0 | J8: =C8*D8*E8*F8-(G8*H8) -> 0 | K8: 25
A9: L. | I9: =C9*D9*F9-(G9*L9*M9) -> 0 | J9: =C9*D9*E9*F9-(G9*H9) -> 0 | K9: 25
A10: L. | I10: =C10*D10*F10-(G10*L10*M10) -> 0 | J10: =C10*D10*E10*F10-(G10*H10) -> 0 | K10: 25
A11: L. | I11: =C11*D11*F11-(G11*L11*M11) -> 0 | J11: =C11*D11*E11*F11-(G11*H11) -> 0 | K11: 25
A12: L. | I12: =C12*D12*F12-(G12*L12*M12) -> 0 | J12: =C12*D12*E12*F12-(G12*H12) -> 0 | K12: 25
A13: L. | I13: =C13*D13*F13-(G13*L13*M13) -> 0 | J13: =C13*D13*E13*F13-(G13*H13) -> 0 | K13: 25
A14: L. | I14: =C14*D14*F14-(G14*L14*M14) -> 0 | J14: =C14*D14*E14*F14-(G14*H14) -> 0 | K14: 25
A15: L. | I15: =C15*D15*F15-(G15*L15*M15) -> 0 | J15: =C15*D15*E15*F15-(G15*H15) -> 0 | K15: 25
A16: L. | I16: =C16*D16*F16-(G16*L16*M16) -> 0 | J16: =C16*D16*E16*F16-(G16*H16) -> 0 | K16: 25
A17: L. | I17: =C17*D17*F17-(G17*L17*M17) -> 0 | J17: =C17*D17*E17*F17-(G17*H17) -> 0 | K17: 25
... A55: L. | I55: =C55*D55*F55-(G55*L55*M55) -> 0 | J55: =C55*D55*E55*F55-(G55*H55) -> 0 | K55: 25
H56: TORRE
A57: L. | I57: =C57*D57*F57-(G57*L57*M57) -> 0 | J57: =C57*D57*E57*F57-(G57*H57) -> 0 | K57: 25
A58: L. | I58: =C58*D58*F58-(G58*L58*M58) -> 0 | J58: =C58*D58*E58*F58-(G58*H58) -> 0 | K58: 25
A59: L. | I59: =C59*D59*F59-(G59*L59*M59) -> 0 | J59: =C59*D59*E59*F59-(G59*H59) -> 0 | K59: 25
A60: L. | I60: =C60*D60*F60-(G60*L60*M60) -> 0 | J60: =C60*D60*E60*F60-(G60*H60) -> 0 | K60: 25
A61: L. | I61: =C61*D61*F61-(G61*L61*M61) -> 0 | J61: =C61*D61*E61*F61-(G61*H61) -> 0 | K61: 25
A62: L. | I62: =C62*D62*F62-(G62*L62*M62) -> 0 | J62: =C62*D62*E62*F62-(G62*H62) -> 0 | K62: 25
A63: L. | I63: =C63*D63*F63-(G63*L63*M63) -> 0 | J63: =C63*D63*E63*F63-(G63*H63) -> 0 | K63: 25
A64: L. | I64: =C64*D64*F64-(G64*L64*M64) -> 0 | J64: =C64*D64*E64*F64-(G64*H64) -> 0 | K64: 25
A65: L. | I65: =C65*D65*F65-(G65*L65*M65) -> 0 | J65: =C65*D65*E65*F65-(G65*H65) -> 0 | K65: 25
A66: L. | I66: =C66*D66*F66-(G66*L66*M66) -> 0 | J66: =C66*D66*E66*F66-(G66*H66) -> 0 | K66: 25
A67: L. | I67: =C67*D67*F67-(G67*L67*M67) -> 0 | J67: =C67*D67*E67*F67-(G67*H67) -> 0 | K67: 25
A68: L. | I68: =C68*D68*F68-(G68*L68*M68) -> 0 | J68: =C68*D68*E68*F68-(G68*H68) -> 0 | K68: 25
... A106: L. | I106: =C106*D106*F106-(G106*L106*M106) -> 0 | J106: =C106*D106*E106*F106-(G106*H106) -> 0 | K106: 25
F107: Forma (m²) | G107: Concreto FCK
A108: TOTAL: | E108: =SUM(J5:J107) -> 0 | G108: 25 | H108: 30 | I108: 35 | J108: 40 | K108: 50
F109: =SUM(I5:I106) -> 0 | G109: =SUMIF($K$5:$K$106,G108,$J$5:$J$106) -> 0 | H109: =SUMIF($K$5:$K$106,H108,$J$5:$J$106) -> 0 | I109: =SUMIF($K$5:$K$106,I108,$J$5:$J$106) -> 0 | J109: =SUMIF($K$5:$K$106,J108,$J$5:$J$106) -> 0 | K109: =SUMIF($K$5:$K$106,K108,$J$5:$J$106) -> 0
F112: LEVANTAMENTO DE LAJES SEM CUBETAS
D114: No ORDEM | E114: QUANT. | F114: LARGURA | G114: COMPRIMENTO | H114: ALTURA | I114: AREA FORMA | J114: VOL. CONCRETO | K114: FCK
G115: PERIFERIA
C116: L. | I116: =E116*F116*G116 -> 0 | J116: =E116*F116*G116*H116 -> 0 | K116: 25
C117: L. | I117: =E117*F117*G117 -> 0 | J117: =E117*F117*G117*H117 -> 0 | K117: 25
C118: L. | I118: =E118*F118*G118 -> 0 | J118: =E118*F118*G118*H118 -> 0 | K118: 25
C119: L. | I119: =E119*F119*G119 -> 0 | J119: =E119*F119*G119*H119 -> 0 | K119: 25
C120: L. | I120: =E120*F120*G120 -> 0 | J120: =E120*F120*G120*H120 -> 0 | K120: 25
C121: L. | I121: =E121*F121*G121 -> 0 | J121: =E121*F121*G121*H121 -> 0 | K121: 25
C122: L. | I122: =E122*F122*G122 -> 0 | J122: =E122*F122*G122*H122 -> 0 | K122: 25
C123: L. | I123: =E123*F123*G123 -> 0 | J123: =E123*F123*G123*H123 -> 0 | K123: 25
C124: L. | I124: =E124*F124*G124 -> 0 | J124: =E124*F124*G124*H124 -> 0 | K124: 25
C125: L. | I125: =E125*F125*G125 -> 0 | J125: =E125*F125*G125*H125 -> 0 | K125: 25
C126: L. | I126: =E126*F126*G126 -> 0 | J126: =E126*F126*G126*H126 -> 0 | K126: 25
C127: L. | I127: =E127*F127*G127 -> 0 | J127: =E127*F127*G127*H127 -> 0 | K127: 25
... C165: L. | I165: =E165*F165*G165 -> 0 | J165: =E165*F165*G165*H165 -> 0 | K165: 25
G166: TORRE
C167: L. | I167: =E167*F167*G167 -> 0 | J167: =E167*F167*G167*H167 -> 0 | K167: 25
C168: L. | I168: =E168*F168*G168 -> 0 | J168: =E168*F168*G168*H168 -> 0 | K168: 25
C169: L. | I169: =E169*F169*G169 -> 0 | J169: =E169*F169*G169*H169 -> 0 | K169: 25
C170: L. | I170: =E170*F170*G170 -> 0 | J170: =E170*F170*G170*H170 -> 0 | K170: 25
C171: L. | I171: =E171*F171*G171 -> 0 | J171: =E171*F171*G171*H171 -> 0 | K171: 25
C172: L. | I172: =E172*F172*G172 -> 0 | J172: =E172*F172*G172*H172 -> 0 | K172: 25
C173: L. | I173: =E173*F173*G173 -> 0 | J173: =E173*F173*G173*H173 -> 0 | K173: 25
C174: L. | I174: =E174*F174*G174 -> 0 | J174: =E174*F174*G174*H174 -> 0 | K174: 25
C175: L. | I175: =E175*F175*G175 -> 0 | J175: =E175*F175*G175*H175 -> 0 | K175: 25
C176: L. | I176: =E176*F176*G176 -> 0 | J176: =E176*F176*G176*H176 -> 0 | K176: 25
C177: L. | I177: =E177*F177*G177 -> 0 | J177: =E177*F177*G177*H177 -> 0 | K177: 25
C178: L. | I178: =E178*F178*G178 -> 0 | J178: =E178*F178*G178*H178 -> 0 | K178: 25
... C216: L. | I216: =E216*F216*G216 -> 0 | J216: =E216*F216*G216*H216 -> 0 | K216: 25
F217: Forma (m²) | G217: Concreto FCK
C218: TOTAL: | E218: =SUM(J115:J217) -> 0 | G218: 25 | H218: 30 | I218: 35 | J218: 40 | K218: 50
F219: =SUM(I115:I216) -> 0 | G219: =SUMIF($K$115:$K$216,G218,$J$115:$J$216) -> 0 | H219: =SUMIF($K$115:$K$216,H218,$J$115:$J$216) -> 0 | I219: =SUMIF($K$115:$K$216,I218,$J$115:$J$216) -> 0 | J219: =SUMIF($K$115:$K$216,J218,$J$115:$J$216) -> 0 | K219: =SUMIF($K$115:$K$216,K218,$J$115:$J$216) -> 0
F222: LEVANTAMENTO DE VIGAS
C224: No ORDEM | D224: QUANT. | E224: BASE | F224: ALTURA | G224: COMPRIMENTO | H224: ESPESSURA LAJE | I224: AREA FORMA | J224: VOL. CONCRETO | K224: FCK
G225: PERIFERIA
B226: V. | I226: =E226*F226*G226 -> 0 | J226: =D226*E226*F226*G226*H226 -> 0 | K226: 25
B227: V. | I227: =E227*F227*G227 -> 0 | J227: =D227*E227*F227*G227*H227 -> 0 | K227: 25
B228: V. | I228: =E228*F228*G228 -> 0 | J228: =D228*E228*F228*G228*H228 -> 0 | K228: 25
B229: V. | I229: =E229*F229*G229 -> 0 | J229: =D229*E229*F229*G229*H229 -> 0 | K229: 25
B230: V. | I230: =E230*F230*G230 -> 0 | J230: =D230*E230*F230*G230*H230 -> 0 | K230: 25
B231: V. | I231: =E231*F231*G231 -> 0 | J231: =D231*E231*F231*G231*H231 -> 0 | K231: 25
B232: V. | I232: =E232*F232*G232 -> 0 | J232: =D232*E232*F232*G232*H232 -> 0 | K232: 25
B233: V. | I233: =E233*F233*G233 -> 0 | J233: =D233*E233*F233*G233*H233 -> 0 | K233: 25
B234: V. | I234: =E234*F234*G234 -> 0 | J234: =D234*E234*F234*G234*H234 -> 0 | K234: 25
B235: V. | I235: =E235*F235*G235 -> 0 | J235: =D235*E235*F235*G235*H235 -> 0 | K235: 25
B236: V. | I236: =E236*F236*G236 -> 0 | J236: =D236*E236*F236*G236*H236 -> 0 | K236: 25
B237: V. | I237: =E237*F237*G237 -> 0 | J237: =D237*E237*F237*G237*H237 -> 0 | K237: 25
... B275: V. | I275: =E275*F275*G275 -> 0 | J275: =D275*E275*F275*G275*H275 -> 0 | K275: 25
G276: TORRE
B277: V. | I277: =E277*F277*G277 -> 0 | J277: =D277*E277*F277*G277*H277 -> 0 | K277: 25
B278: V. | I278: =E278*F278*G278 -> 0 | J278: =D278*E278*F278*G278*H278 -> 0 | K278: 25
B279: V. | I279: =E279*F279*G279 -> 0 | J279: =D279*E279*F279*G279*H279 -> 0 | K279: 25
B280: V. | I280: =E280*F280*G280 -> 0 | J280: =D280*E280*F280*G280*H280 -> 0 | K280: 25
B281: V. | I281: =E281*F281*G281 -> 0 | J281: =D281*E281*F281*G281*H281 -> 0 | K281: 25
B282: V. | I282: =E282*F282*G282 -> 0 | J282: =D282*E282*F282*G282*H282 -> 0 | K282: 25
B283: V. | I283: =E283*F283*G283 -> 0 | J283: =D283*E283*F283*G283*H283 -> 0 | K283: 25
B284: V. | I284: =E284*F284*G284 -> 0 | J284: =D284*E284*F284*G284*H284 -> 0 | K284: 25
B285: V. | I285: =E285*F285*G285 -> 0 | J285: =D285*E285*F285*G285*H285 -> 0 | K285: 25
B286: V. | I286: =E286*F286*G286 -> 0 | J286: =D286*E286*F286*G286*H286 -> 0 | K286: 25
B287: V. | I287: =E287*F287*G287 -> 0 | J287: =D287*E287*F287*G287*H287 -> 0 | K287: 25
B288: V. | I288: =E288*F288*G288 -> 0 | J288: =D288*E288*F288*G288*H288 -> 0 | K288: 25
... B326: V. | I326: =E326*F326*G326 -> 0 | J326: =D326*E326*F326*G326*H326 -> 0 | K326: 25
F327: Forma (m²) | G327: Concreto FCK
B328: TOTAL: | E328: =SUM(J225:J327) -> 0 | G328: 25 | H328: 30 | I328: 35 | J328: 40 | K328: 50
F329: =SUM(I225:I326) -> 0 | G329: =SUMIF($K$225:$K$326,G328,$J$225:$J$326) -> 0 | H329: =SUMIF($K$225:$K$326,H328,$J$225:$J$326) -> 0 | I329: =SUMIF($K$225:$K$326,I328,$J$225:$J$326) -> 0 | J329: =SUMIF($K$225:$K$326,J328,$J$225:$J$326) -> 0 | K329: =SUMIF($K$225:$K$326,K328,$J$225:$J$326) -> 0
F332: LEVANTAMENTO DE PILARES
...

Sheet 4° Pav
F2: LEVANTAMENTO DE LAJES COM CUBETAS
B4: No ORDEM | C4: QUANT. | D4: BASE | E4: ALTURA | F4: COMPRIMENTO | G4: QTDE CUBETAS | H4: VOLUME CUBETA | I4: AREA FORMA | J4: VOL. CONCRETO | K4: FCK | L4: DETALHES DA CUBETA
H5: PERIFERIA | L5: Largura | M5: Comprimento
A6: L. | I6: =C6*D6*F6-(G6*L6*M6) -> 0 | J6: =C6*D6*E6*F6-(G6*H6) -> 0 | K6: 25
A7: L. | I7: =C7*D7*F7-(G7*L7*M7) -> 0 | J7: =C7*D7*E7*F7-(G7*H7) -> 0 | K7: 25
A8: L. | I8: =C8*D8*F8-(G8*L8*M8) -> 0 | J8: =C8*D8*E8*F8-(G8*H8) -> 0 | K8: 25
A9: L. | I9: =C9*D9*F9-(G9*L9*M9) -> 0 | J9: =C9*D9*E9*F9-(G9*H9) -> 0 | K9: 25
A10: L. | I10: =C10*D10*F10-(G10*L10*M10) -> 0 | J10: =C10*D10*E10*F10-(G10*H10) -> 0 | K10: 25
A11: L. | I11: =C11*D11*F11-(G11*L11*M11) -> 0 | J11: =C11*D11*E11*F11-(G11*H11) -> 0 | K11: 25
A12: L. | I12: =C12*D12*F12-(G12*L12*M12) -> 0 | J12: =C12*D12*E12*F12-(G12*H12) -> 0 | K12: 25
A13: L. | I13: =C13*D13*F13-(G13*L13*M13) -> 0 | J13: =C13*D13*E13*F13-(G13*H13) -> 0 | K13: 25
A14: L. | I14: =C14*D14*F14-(G14*L14*M14) -> 0 | J14: =C14*D14*E14*F14-(G14*H14) -> 0 | K14: 25
A15: L. | I15: =C15*D15*F15-(G15*L15*M15) -> 0 | J15: =C15*D15*E15*F15-(G15*H15) -> 0 | K15: 25
A16: L. | I16: =C16*D16*F16-(G16*L16*M16) -> 0 | J16: =C16*D16*E16*F16-(G16*H16) -> 0 | K16: 25
A17: L. | I17: =C17*D17*F17-(G17*L17*M17) -> 0 | J17: =C17*D17*E17*F17-(G17*H17) -> 0 | K17: 25
... A55: L. | I55: =C55*D55*F55-(G55*L55*M55) -> 0 | J55: =C55*D55*E55*F55-(G55*H55) -> 0 | K55: 25
H56: TORRE
A57: L. | I57: =C57*D57*F57-(G57*L57*M57) -> 0 | J57: =C57*D57*E57*F57-(G57*H57) -> 0 | K57: 25
A58: L. | I58: =C58*D58*F58-(G58*L58*M58) -> 0 | J58: =C58*D58*E58*F58-(G58*H58) -> 0 | K58: 25
A59: L. | I59: =C59*D59*F59-(G59*L59*M59) -> 0 | J59: =C59*D59*E59*F59-(G59*H59) -> 0 | K59: 25
A60: L. | I60: =C60*D60*F60-(G60*L60*M60) -> 0 | J60: =C60*D60*E60*F60-(G60*H60) -> 0 | K60: 25
A61: L. | I61: =C61*D61*F61-(G61*L61*M61) -> 0 | J61: =C61*D61*E61*F61-(G61*H61) -> 0 | K61: 25
A62: L. | I62: =C62*D62*F62-(G62*L62*M62) -> 0 | J62: =C62*D62*E62*F62-(G62*H62) -> 0 | K62: 25
A63: L. | I63: =C63*D63*F63-(G63*L63*M63) -> 0 | J63: =C63*D63*E63*F63-(G63*H63) -> 0 | K63: 25
A64: L. | I64: =C64*D64*F64-(G64*L64*M64) -> 0 | J64: =C64*D64*E64*F64-(G64*H64) -> 0 | K64: 25
A65: L. | I65: =C65*D65*F65-(G65*L65*M65) -> 0 | J65: =C65*D65*E65*F65-(G65*H65) -> 0 | K65: 25
A66: L. | I66: =C66*D66*F66-(G66*L66*M66) -> 0 | J66: =C66*D66*E66*F66-(G66*H66) -> 0 | K66: 25
A67: L. | I67: =C67*D67*F67-(G67*L67*M67) -> 0 | J67: =C67*D67*E67*F67-(G67*H67) -> 0 | K67: 25
A68: L. | I68: =C68*D68*F68-(G68*L68*M68) -> 0 | J68: =C68*D68*E68*F68-(G68*H68) -> 0 | K68: 25
... A106: L. | I106: =C106*D106*F106-(G106*L106*M106) -> 0 | J106: =C106*D106*E106*F106-(G106*H106) -> 0 | K106: 25
F107: Forma (m²) | G107: Concreto FCK
A108: TOTAL: | E108: =SUM(J5:J107) -> 0 | G108: 25 | H108: 30 | I108: 35 | J108: 40 | K108: 50
F109: =SUM(I5:I106) -> 0 | G109: =SUMIF($K$5:$K$106,G108,$J$5:$J$106) -> 0 | H109: =SUMIF($K$5:$K$106,H108,$J$5:$J$106) -> 0 | I109: =SUMIF($K$5:$K$106,I108,$J$5:$J$106) -> 0 | J109: =SUMIF($K$5:$K$106,J108,$J$5:$J$106) -> 0 | K109: =SUMIF($K$5:$K$106,K108,$J$5:$J$106) -> 0
F112: LEVANTAMENTO DE LAJES SEM CUBETAS
D114: No ORDEM | E114: QUANT. | F114: LARGURA | G114: COMPRIMENTO | H114: ALTURA | I114: AREA FORMA | J114: VOL. CONCRETO | K114: FCK
G115: PERIFERIA
C116: L. | I116: =E116*F116*G116 -> 0 | J116: =E116*F116*G116*H116 -> 0 | K116: 25
C117: L. | I117: =E117*F117*G117 -> 0 | J117: =E117*F117*G117*H117 -> 0 | K117: 25
C118: L. | I118: =E118*F118*G118 -> 0 | J118: =E118*F118*G118*H118 -> 0 | K118: 25
C119: L. | I119: =E119*F119*G119 -> 0 | J119: =E119*F119*G119*H119 -> 0 | K119: 25
C120: L. | I120: =E120*F120*G120 -> 0 | J120: =E120*F120*G120*H120 -> 0 | K120: 25
C121: L. | I121: =E121*F121*G121 -> 0 | J121: =E121*F121*G121*H121 -> 0 | K121: 25
C122: L. | I122: =E122*F122*G122 -> 0 | J122: =E122*F122*G122*H122 -> 0 | K122: 25
C123: L. | I123: =E123*F123*G123 -> 0 | J123: =E123*F123*G123*H123 -> 0 | K123: 25
C124: L. | I124: =E124*F124*G124 -> 0 | J124: =E124*F124*G124*H124 -> 0 | K124: 25
C125: L. | I125: =E125*F125*G125 -> 0 | J125: =E125*F125*G125*H125 -> 0 | K125: 25
C126: L. | I126: =E126*F126*G126 -> 0 | J126: =E126*F126*G126*H126 -> 0 | K126: 25
C127: L. | I127: =E127*F127*G127 -> 0 | J127: =E127*F127*G127*H127 -> 0 | K127: 25
... C165: L. | I165: =E165*F165*G165 -> 0 | J165: =E165*F165*G165*H165 -> 0 | K165: 25
G166: TORRE
C167: L. | I167: =E167*F167*G167 -> 0 | J167: =E167*F167*G167*H167 -> 0 | K167: 25
C168: L. | I168: =E168*F168*G168 -> 0 | J168: =E168*F168*G168*H168 -> 0 | K168: 25
C169: L. | I169: =E169*F169*G169 -> 0 | J169: =E169*F169*G169*H169 -> 0 | K169: 25
C170: L. | I170: =E170*F170*G170 -> 0 | J170: =E170*F170*G170*H170 -> 0 | K170: 25
C171: L. | I171: =E171*F171*G171 -> 0 | J171: =E171*F171*G171*H171 -> 0 | K171: 25
C172: L. | I172: =E172*F172*G172 -> 0 | J172: =E172*F172*G172*H172 -> 0 | K172: 25
C173: L. | I173: =E173*F173*G173 -> 0 | J173: =E173*F173*G173*H173 -> 0 | K173: 25
C174: L. | I174: =E174*F174*G174 -> 0 | J174: =E174*F174*G174*H174 -> 0 | K174: 25
C175: L. | I175: =E175*F175*G175 -> 0 | J175: =E175*F175*G175*H175 -> 0 | K175: 25
C176: L. | I176: =E176*F176*G176 -> 0 | J176: =E176*F176*G176*H176 -> 0 | K176: 25
C177: L. | I177: =E177*F177*G177 -> 0 | J177: =E177*F177*G177*H177 -> 0 | K177: 25
C178: L. | I178: =E178*F178*G178 -> 0 | J178: =E178*F178*G178*H178 -> 0 | K178: 25
... C216: L. | I216: =E216*F216*G216 -> 0 | J216: =E216*F216*G216*H216 -> 0 | K216: 25
F217: Forma (m²) | G217: Concreto FCK
C218: TOTAL: | E218: =SUM(J115:J217) -> 0 | G218: 25 | H218: 30 | I218: 35 | J218: 40 | K218: 50
F219: =SUM(I115:I216) -> 0 | G219: =SUMIF($K$115:$K$216,G218,$J$115:$J$216) -> 0 | H219: =SUMIF($K$115:$K$216,H218,$J$115:$J$216) -> 0 | I219: =SUMIF($K$115:$K$216,I218,$J$115:$J$216) -> 0 | J219: =SUMIF($K$115:$K$216,J218,$J$115:$J$216) -> 0 | K219: =SUMIF($K$115:$K$216,K218,$J$115:$J$216) -> 0
F222: LEVANTAMENTO DE VIGAS
C224: No ORDEM | D224: QUANT. | E224: BASE | F224: ALTURA | G224: COMPRIMENTO | H224: ESPESSURA LAJE | I224: AREA FORMA | J224: VOL. CONCRETO | K224: FCK
G225: PERIFERIA
B226: V. | I226: =E226*F226*G226 -> 0 | J226: =D226*E226*F226*G226*H226 -> 0 | K226: 25
B227: V. | I227: =E227*F227*G227 -> 0 | J227: =D227*E227*F227*G227*H227 -> 0 | K227: 25
B228: V. | I228: =E228*F228*G228 -> 0 | J228: =D228*E228*F228*G228*H228 -> 0 | K228: 25
B229: V. | I229: =E229*F229*G229 -> 0 | J229: =D229*E229*F229*G229*H229 -> 0 | K229: 25
B230: V. | I230: =E230*F230*G230 -> 0 | J230: =D230*E230*F230*G230*H230 -> 0 | K230: 25
B231: V. | I231: =E231*F231*G231 -> 0 | J231: =D231*E231*F231*G231*H231 -> 0 | K231: 25
B232: V. | I232: =E232*F232*G232 -> 0 | J232: =D232*E232*F232*G232*H232 -> 0 | K232: 25
B233: V. | I233: =E233*F233*G233 -> 0 | J233: =D233*E233*F233*G233*H233 -> 0 | K233: 25
B234: V. | I234: =E234*F234*G234 -> 0 | J234: =D234*E234*F234*G234*H234 -> 0 | K234: 25
B235: V. | I235: =E235*F235*G235 -> 0 | J235: =D235*E235*F235*G235*H235 -> 0 | K235: 25
B236: V. | I236: =E236*F236*G236 -> 0 | J236: =D236*E236*F236*G236*H236 -> 0 | K236: 25
B237: V. | I237: =E237*F237*G237 -> 0 | J237: =D237*E237*F237*G237*H237 -> 0 | K237: 25
... B275: V. | I275: =E275*F275*G275 -> 0 | J275: =D275*E275*F275*G275*H275 -> 0 | K275: 25
G276: TORRE
B277: V. | I277: =E277*F277*G277 -> 0 | J277: =D277*E277*F277*G277*H277 -> 0 | K277: 25
B278: V. | I278: =E278*F278*G278 -> 0 | J278: =D278*E278*F278*G278*H278 -> 0 | K278: 25
B279: V. | I279: =E279*F279*G279 -> 0 | J279: =D279*E279*F279*G279*H279 -> 0 | K279: 25
B280: V. | I280: =E280*F280*G280 -> 0 | J280: =D280*E280*F280*G280*H280 -> 0 | K280: 25
B281: V. | I281: =E281*F281*G281 -> 0 | J281: =D281*E281*F281*G281*H281 -> 0 | K281: 25
B282: V. | I282: =E282*F282*G282 -> 0 | J282: =D282*E282*F282*G282*H282 -> 0 | K282: 25
B283: V. | I283: =E283*F283*G283 -> 0 | J283: =D283*E283*F283*G283*H283 -> 0 | K283: 25
B284: V. | I284: =E284*F284*G284 -> 0 | J284: =D284*E284*F284*G284*H284 -> 0 | K284: 25
B285: V. | I285: =E285*F285*G285 -> 0 | J285: =D285*E285*F285*G285*H285 -> 0 | K285: 25
B286: V. | I286: =E286*F286*G286 -> 0 | J286: =D286*E286*F286*G286*H286 -> 0 | K286: 25
B287: V. | I287: =E287*F287*G287 -> 0 | J287: =D287*E287*F287*G287*H287 -> 0 | K287: 25
B288: V. | I288: =E288*F288*G288 -> 0 | J288: =D288*E288*F288*G288*H288 -> 0 | K288: 25
... B326: V. | I326: =E326*F326*G326 -> 0 | J326: =D326*E326*F326*G326*H326 -> 0 | K326: 25
F327: Forma (m²) | G327: Concreto FCK
B328: TOTAL: | E328: =SUM(J225:J327) -> 0 | G328: 25 | H328: 30 | I328: 35 | J328: 40 | K328: 50
F329: =SUM(I225:I326) -> 0 | G329: =SUMIF($K$225:$K$326,G328,$J$225:$J$326) -> 0 | H329: =SUMIF($K$225:$K$326,H328,$J$225:$J$326) -> 0 | I329: =SUMIF($K$225:$K$326,I328,$J$225:$J$326) -> 0 | J329: =SUMIF($K$225:$K$326,J328,$J$225:$J$326) -> 0 | K329: =SUMIF($K$225:$K$326,K328,$J$225:$J$326) -> 0
F332: LEVANTAMENTO DE PILARES
...

Sheet Tipo Studios
F2: LEVANTAMENTO DE LAJES COM CUBETAS
B4: No ORDEM | C4: QUANT. | D4: BASE | E4: ALTURA | F4: COMPRIMENTO | G4: QTDE CUBETAS | H4: VOLUME CUBETA | I4: AREA FORMA | J4: VOL. CONCRETO | K4: FCK | L4: DETALHES DA CUBETA
H5: PERIFERIA | L5: Largura | M5: Comprimento
A6: L. | I6: =C6*D6*F6-(G6*L6*M6) -> 0 | J6: =C6*D6*E6*F6-(G6*H6) -> 0 | K6: 25
A7: L. | I7: =C7*D7*F7-(G7*L7*M7) -> 0 | J7: =C7*D7*E7*F7-(G7*H7) -> 0 | K7: 25
A8: L. | I8: =C8*D8*F8-(G8*L8*M8) -> 0 | J8: =C8*D8*E8*F8-(G8*H8) -> 0 | K8: 25
A9: L. | I9: =C9*D9*F9-(G9*L9*M9) -> 0 | J9: =C9*D9*E9*F9-(G9*H9) -> 0 | K9: 25
A10: L. | I10: =C10*D10*F10-(G10*L10*M10) -> 0 | J10: =C10*D10*E10*F10-(G10*H10) -> 0 | K10: 25
A11: L. | I11: =C11*D11*F11-(G11*L11*M11) -> 0 | J11: =C11*D11*E11*F11-(G11*H11) -> 0 | K11: 25
A12: L. | I12: =C12*D12*F12-(G12*L12*M12) -> 0 | J12: =C12*D12*E12*F12-(G12*H12) -> 0 | K12: 25
A13: L. | I13: =C13*D13*F13-(G13*L13*M13) -> 0 | J13: =C13*D13*E13*F13-(G13*H13) -> 0 | K13: 25
A14: L. | I14: =C14*D14*F14-(G14*L14*M14) -> 0 | J14: =C14*D14*E14*F14-(G14*H14) -> 0 | K14: 25
A15: L. | I15: =C15*D15*F15-(G15*L15*M15) -> 0 | J15: =C15*D15*E15*F15-(G15*H15) -> 0 | K15: 25
A16: L. | I16: =C16*D16*F16-(G16*L16*M16) -> 0 | J16: =C16*D16*E16*F16-(G16*H16) -> 0 | K16: 25
A17: L. | I17: =C17*D17*F17-(G17*L17*M17) -> 0 | J17: =C17*D17*E17*F17-(G17*H17) -> 0 | K17: 25
... A55: L. | I55: =C55*D55*F55-(G55*L55*M55) -> 0 | J55: =C55*D55*E55*F55-(G55*H55) -> 0 | K55: 25
H56: TORRE
A57: L. | I57: =C57*D57*F57-(G57*L57*M57) -> 0 | J57: =C57*D57*E57*F57-(G57*H57) -> 0 | K57: 25
A58: L. | I58: =C58*D58*F58-(G58*L58*M58) -> 0 | J58: =C58*D58*E58*F58-(G58*H58) -> 0 | K58: 25
A59: L. | I59: =C59*D59*F59-(G59*L59*M59) -> 0 | J59: =C59*D59*E59*F59-(G59*H59) -> 0 | K59: 25
A60: L. | I60: =C60*D60*F60-(G60*L60*M60) -> 0 | J60: =C60*D60*E60*F60-(G60*H60) -> 0 | K60: 25
A61: L. | I61: =C61*D61*F61-(G61*L61*M61) -> 0 | J61: =C61*D61*E61*F61-(G61*H61) -> 0 | K61: 25
A62: L. | I62: =C62*D62*F62-(G62*L62*M62) -> 0 | J62: =C62*D62*E62*F62-(G62*H62) -> 0 | K62: 25
A63: L. | I63: =C63*D63*F63-(G63*L63*M63) -> 0 | J63: =C63*D63*E63*F63-(G63*H63) -> 0 | K63: 25
A64: L. | I64: =C64*D64*F64-(G64*L64*M64) -> 0 | J64: =C64*D64*E64*F64-(G64*H64) -> 0 | K64: 25
A65: L. | I65: =C65*D65*F65-(G65*L65*M65) -> 0 | J65: =C65*D65*E65*F65-(G65*H65) -> 0 | K65: 25
A66: L. | I66: =C66*D66*F66-(G66*L66*M66) -> 0 | J66: =C66*D66*E66*F66-(G66*H66) -> 0 | K66: 25
A67: L. | I67: =C67*D67*F67-(G67*L67*M67) -> 0 | J67: =C67*D67*E67*F67-(G67*H67) -> 0 | K67: 25
A68: L. | I68: =C68*D68*F68-(G68*L68*M68) -> 0 | J68: =C68*D68*E68*F68-(G68*H68) -> 0 | K68: 25
... A106: L. | I106: =C106*D106*F106-(G106*L106*M106) -> 0 | J106: =C106*D106*E106*F106-(G106*H106) -> 0 | K106: 25
F107: Forma (m²) | G107: Concreto FCK
A108: TOTAL: | E108: =SUM(J5:J107) -> 0 | G108: 25 | H108: 30 | I108: 35 | J108: 40 | K108: 50
F109: =SUM(I5:I106) -> 0 | G109: =SUMIF($K$5:$K$106,G108,$J$5:$J$106) -> 0 | H109: =SUMIF($K$5:$K$106,H108,$J$5:$J$106) -> 0 | I109: =SUMIF($K$5:$K$106,I108,$J$5:$J$106) -> 0 | J109: =SUMIF($K$5:$K$106,J108,$J$5:$J$106) -> 0 | K109: =SUMIF($K$5:$K$106,K108,$J$5:$J$106) -> 0
F112: LEVANTAMENTO DE LAJES SEM CUBETAS
D114: No ORDEM | E114: QUANT. | F114: LARGURA | G114: COMPRIMENTO | H114: ALTURA | I114: AREA FORMA | J114: VOL. CONCRETO | K114: FCK
G115: PERIFERIA
C116: L. | I116: =E116*F116*G116 -> 0 | J116: =E116*F116*G116*H116 -> 0 | K116: 25
C117: L. | I117: =E117*F117*G117 -> 0 | J117: =E117*F117*G117*H117 -> 0 | K117: 25
C118: L. | I118: =E118*F118*G118 -> 0 | J118: =E118*F118*G118*H118 -> 0 | K118: 25
C119: L. | I119: =E119*F119*G119 -> 0 | J119: =E119*F119*G119*H119 -> 0 | K119: 25
C120: L. | I120: =E120*F120*G120 -> 0 | J120: =E120*F120*G120*H120 -> 0 | K120: 25
C121: L. | I121: =E121*F121*G121 -> 0 | J121: =E121*F121*G121*H121 -> 0 | K121: 25
C122: L. | I122: =E122*F122*G122 -> 0 | J122: =E122*F122*G122*H122 -> 0 | K122: 25
C123: L. | I123: =E123*F123*G123 -> 0 | J123: =E123*F123*G123*H123 -> 0 | K123: 25
C124: L. | I124: =E124*F124*G124 -> 0 | J124: =E124*F124*G124*H124 -> 0 | K124: 25
C125: L. | I125: =E125*F125*G125 -> 0 | J125: =E125*F125*G125*H125 -> 0 | K125: 25
C126: L. | I126: =E126*F126*G126 -> 0 | J126: =E126*F126*G126*H126 -> 0 | K126: 25
C127: L. | I127: =E127*F127*G127 -> 0 | J127: =E127*F127*G127*H127 -> 0 | K127: 25
... C165: L. | I165: =E165*F165*G165 -> 0 | J165: =E165*F165*G165*H165 -> 0 | K165: 25
G166: TORRE
C167: L. | I167: =E167*F167*G167 -> 0 | J167: =E167*F167*G167*H167 -> 0 | K167: 25
C168: L. | I168: =E168*F168*G168 -> 0 | J168: =E168*F168*G168*H168 -> 0 | K168: 25
C169: L. | I169: =E169*F169*G169 -> 0 | J169: =E169*F169*G169*H169 -> 0 | K169: 25
C170: L. | I170: =E170*F170*G170 -> 0 | J170: =E170*F170*G170*H170 -> 0 | K170: 25
C171: L. | I171: =E171*F171*G171 -> 0 | J171: =E171*F171*G171*H171 -> 0 | K171: 25
C172: L. | I172: =E172*F172*G172 -> 0 | J172: =E172*F172*G172*H172 -> 0 | K172: 25
C173: L. | I173: =E173*F173*G173 -> 0 | J173: =E173*F173*G173*H173 -> 0 | K173: 25
C174: L. | I174: =E174*F174*G174 -> 0 | J174: =E174*F174*G174*H174 -> 0 | K174: 25
C175: L. | I175: =E175*F175*G175 -> 0 | J175: =E175*F175*G175*H175 -> 0 | K175: 25
C176: L. | I176: =E176*F176*G176 -> 0 | J176: =E176*F176*G176*H176 -> 0 | K176: 25
C177: L. | I177: =E177*F177*G177 -> 0 | J177: =E177*F177*G177*H177 -> 0 | K177: 25
C178: L. | I178: =E178*F178*G178 -> 0 | J178: =E178*F178*G178*H178 -> 0 | K178: 25
... C216: L. | I216: =E216*F216*G216 -> 0 | J216: =E216*F216*G216*H216 -> 0 | K216: 25
F217: Forma (m²) | G217: Concreto FCK
C218: TOTAL: | E218: =SUM(J115:J217) -> 0 | G218: 25 | H218: 30 | I218: 35 | J218: 40 | K218: 50
F219: =SUM(I115:I216) -> 0 | G219: =SUMIF($K$115:$K$216,G218,$J$115:$J$216) -> 0 | H219: =SUMIF($K$115:$K$216,H218,$J$115:$J$216) -> 0 | I219: =SUMIF($K$115:$K$216,I218,$J$115:$J$216) -> 0 | J219: =SUMIF($K$115:$K$216,J218,$J$115:$J$216) -> 0 | K219: =SUMIF($K$115:$K$216,K218,$J$115:$J$216) -> 0
F222: LEVANTAMENTO DE VIGAS
C224: No ORDEM | D224: QUANT. | E224: BASE | F224: ALTURA | G224: COMPRIMENTO | H224: ESPESSURA LAJE | I224: AREA FORMA | J224: VOL. CONCRETO | K224: FCK
G225: PERIFERIA
B226: V. | I226: =E226*F226*G226 -> 0 | J226: =D226*E226*F226*G226*H226 -> 0 | K226: 25
B227: V. | I227: =E227*F227*G227 -> 0 | J227: =D227*E227*F227*G227*H227 -> 0 | K227: 25
B228: V. | I228: =E228*F228*G228 -> 0 | J228: =D228*E228*F228*G228*H228 -> 0 | K228: 25
B229: V. | I229: =E229*F229*G229 -> 0 | J229: =D229*E229*F229*G229*H229 -> 0 | K229: 25
B230: V. | I230: =E230*F230*G230 -> 0 | J230: =D230*E230*F230*G230*H230 -> 0 | K230: 25
B231: V. | I231: =E231*F231*G231 -> 0 | J231: =D231*E231*F231*G231*H231 -> 0 | K231: 25
B232: V. | I232: =E232*F232*G232 -> 0 | J232: =D232*E232*F232*G232*H232 -> 0 | K232: 25
B233: V. | I233: =E233*F233*G233 -> 0 | J233: =D233*E233*F233*G233*H233 -> 0 | K233: 25
B234: V. | I234: =E234*F234*G234 -> 0 | J234: =D234*E234*F234*G234*H234 -> 0 | K234: 25
B235: V. | I235: =E235*F235*G235 -> 0 | J235: =D235*E235*F235*G235*H235 -> 0 | K235: 25
B236: V. | I236: =E236*F236*G236 -> 0 | J236: =D236*E236*F236*G236*H236 -> 0 | K236: 25
B237: V. | I237: =E237*F237*G237 -> 0 | J237: =D237*E237*F237*G237*H237 -> 0 | K237: 25
... B275: V. | I275: =E275*F275*G275 -> 0 | J275: =D275*E275*F275*G275*H275 -> 0 | K275: 25
G276: TORRE
B277: V. | I277: =E277*F277*G277 -> 0 | J277: =D277*E277*F277*G277*H277 -> 0 | K277: 25
B278: V. | I278: =E278*F278*G278 -> 0 | J278: =D278*E278*F278*G278*H278 -> 0 | K278: 25
B279: V. | I279: =E279*F279*G279 -> 0 | J279: =D279*E279*F279*G279*H279 -> 0 | K279: 25
B280: V. | I280: =E280*F280*G280 -> 0 | J280: =D280*E280*F280*G280*H280 -> 0 | K280: 25
B281: V. | I281: =E281*F281*G281 -> 0 | J281: =D281*E281*F281*G281*H281 -> 0 | K281: 25
B282: V. | I282: =E282*F282*G282 -> 0 | J282: =D282*E282*F282*G282*H282 -> 0 | K282: 25
B283: V. | I283: =E283*F283*G283 -> 0 | J283: =D283*E283*F283*G283*H283 -> 0 | K283: 25
B284: V. | I284: =E284*F284*G284 -> 0 | J284: =D284*E284*F284*G284*H284 -> 0 | K284: 25
B285: V. | I285: =E285*F285*G285 -> 0 | J285: =D285*E285*F285*G285*H285 -> 0 | K285: 25
B286: V. | I286: =E286*F286*G286 -> 0 | J286: =D286*E286*F286*G286*H286 -> 0 | K286: 25
B287: V. | I287: =E287*F287*G287 -> 0 | J287: =D287*E287*F287*G287*H287 -> 0 | K287: 25
B288: V. | I288: =E288*F288*G288 -> 0 | J288: =D288*E288*F288*G288*H288 -> 0 | K288: 25
... B326: V. | I326: =E326*F326*G326 -> 0 | J326: =D326*E326*F326*G326*H326 -> 0 | K326: 25
F327: Forma (m²) | G327: Concreto FCK
B328: TOTAL: | E328: =SUM(J225:J327) -> 0 | G328: 25 | H328: 30 | I328: 35 | J328: 40 | K328: 50
F329: =SUM(I225:I326) -> 0 | G329: =SUMIF($K$225:$K$326,G328,$J$225:$J$326) -> 0 | H329: =SUMIF($K$225:$K$326,H328,$J$225:$J$326) -> 0 | I329: =SUMIF($K$225:$K$326,I328,$J$225:$J$326) -> 0 | J329: =SUMIF($K$225:$K$326,J328,$J$225:$J$326) -> 0 | K329: =SUMIF($K$225:$K$326,K328,$J$225:$J$326) -> 0
F332: LEVANTAMENTO DE PILARES
...

Sheet Tipo Residencial
F2: LEVANTAMENTO DE LAJES COM CUBETAS
B4: No ORDEM | C4: QUANT. | D4: BASE | E4: ALTURA | F4: COMPRIMENTO | G4: QTDE CUBETAS | H4: VOLUME CUBETA | I4: AREA FORMA | J4: VOL. CONCRETO | K4: FCK | L4: DETALHES DA CUBETA
H5: PERIFERIA | L5: Largura | M5: Comprimento
A6: L. | I6: =C6*D6*F6-(G6*L6*M6) -> 0 | J6: =C6*D6*E6*F6-(G6*H6) -> 0 | K6: 25
A7: L. | I7: =C7*D7*F7-(G7*L7*M7) -> 0 | J7: =C7*D7*E7*F7-(G7*H7) -> 0 | K7: 25
A8: L. | I8: =C8*D8*F8-(G8*L8*M8) -> 0 | J8: =C8*D8*E8*F8-(G8*H8) -> 0 | K8: 25
A9: L. | I9: =C9*D9*F9-(G9*L9*M9) -> 0 | J9: =C9*D9*E9*F9-(G9*H9) -> 0 | K9: 25
A10: L. | I10: =C10*D10*F10-(G10*L10*M10) -> 0 | J10: =C10*D10*E10*F10-(G10*H10) -> 0 | K10: 25
A11: L. | I11: =C11*D11*F11-(G11*L11*M11) -> 0 | J11: =C11*D11*E11*F11-(G11*H11) -> 0 | K11: 25
A12: L. | I12: =C12*D12*F12-(G12*L12*M12) -> 0 | J12: =C12*D12*E12*F12-(G12*H12) -> 0 | K12: 25
A13: L. | I13: =C13*D13*F13-(G13*L13*M13) -> 0 | J13: =C13*D13*E13*F13-(G13*H13) -> 0 | K13: 25
A14: L. | I14: =C14*D14*F14-(G14*L14*M14) -> 0 | J14: =C14*D14*E14*F14-(G14*H14) -> 0 | K14: 25
A15: L. | I15: =C15*D15*F15-(G15*L15*M15) -> 0 | J15: =C15*D15*E15*F15-(G15*H15) -> 0 | K15: 25
A16: L. | I16: =C16*D16*F16-(G16*L16*M16) -> 0 | J16: =C16*D16*E16*F16-(G16*H16) -> 0 | K16: 25
A17: L. | I17: =C17*D17*F17-(G17*L17*M17) -> 0 | J17: =C17*D17*E17*F17-(G17*H17) -> 0 | K17: 25
... A55: L. | I55: =C55*D55*F55-(G55*L55*M55) -> 0 | J55: =C55*D55*E55*F55-(G55*H55) -> 0 | K55: 25
H56: TORRE
A57: L. | I57: =C57*D57*F57-(G57*L57*M57) -> 0 | J57: =C57*D57*E57*F57-(G57*H57) -> 0 | K57: 25
A58: L. | I58: =C58*D58*F58-(G58*L58*M58) -> 0 | J58: =C58*D58*E58*F58-(G58*H58) -> 0 | K58: 25
A59: L. | I59: =C59*D59*F59-(G59*L59*M59) -> 0 | J59: =C59*D59*E59*F59-(G59*H59) -> 0 | K59: 25
A60: L. | I60: =C60*D60*F60-(G60*L60*M60) -> 0 | J60: =C60*D60*E60*F60-(G60*H60) -> 0 | K60: 25
A61: L. | I61: =C61*D61*F61-(G61*L61*M61) -> 0 | J61: =C61*D61*E61*F61-(G61*H61) -> 0 | K61: 25
A62: L. | I62: =C62*D62*F62-(G62*L62*M62) -> 0 | J62: =C62*D62*E62*F62-(G62*H62) -> 0 | K62: 25
A63: L. | I63: =C63*D63*F63-(G63*L63*M63) -> 0 | J63: =C63*D63*E63*F63-(G63*H63) -> 0 | K63: 25
A64: L. | I64: =C64*D64*F64-(G64*L64*M64) -> 0 | J64: =C64*D64*E64*F64-(G64*H64) -> 0 | K64: 25
A65: L. | I65: =C65*D65*F65-(G65*L65*M65) -> 0 | J65: =C65*D65*E65*F65-(G65*H65) -> 0 | K65: 25
A66: L. | I66: =C66*D66*F66-(G66*L66*M66) -> 0 | J66: =C66*D66*E66*F66-(G66*H66) -> 0 | K66: 25
A67: L. | I67: =C67*D67*F67-(G67*L67*M67) -> 0 | J67: =C67*D67*E67*F67-(G67*H67) -> 0 | K67: 25
A68: L. | I68: =C68*D68*F68-(G68*L68*M68) -> 0 | J68: =C68*D68*E68*F68-(G68*H68) -> 0 | K68: 25
... A106: L. | I106: =C106*D106*F106-(G106*L106*M106) -> 0 | J106: =C106*D106*E106*F106-(G106*H106) -> 0 | K106: 25
F107: Forma (m²) | G107: Concreto FCK
A108: TOTAL: | E108: =SUM(J5:J107) -> 0 | G108: 25 | H108: 30 | I108: 35 | J108: 40 | K108: 50
F109: =SUM(I5:I106) -> 0 | G109: =SUMIF($K$5:$K$106,G108,$J$5:$J$106) -> 0 | H109: =SUMIF($K$5:$K$106,H108,$J$5:$J$106) -> 0 | I109: =SUMIF($K$5:$K$106,I108,$J$5:$J$106) -> 0 | J109: =SUMIF($K$5:$K$106,J108,$J$5:$J$106) -> 0 | K109: =SUMIF($K$5:$K$106,K108,$J$5:$J$106) -> 0
F112: LEVANTAMENTO DE LAJES SEM CUBETAS
D114: No ORDEM | E114: QUANT. | F114: LARGURA | G114: COMPRIMENTO | H114: ALTURA | I114: AREA FORMA | J114: VOL. CONCRETO | K114: FCK
G115: PERIFERIA
C116: L. | I116: =E116*F116*G116 -> 0 | J116: =E116*F116*G116*H116 -> 0 | K116: 25
C117: L. | I117: =E117*F117*G117 -> 0 | J117: =E117*F117*G117*H117 -> 0 | K117: 25
C118: L. | I118: =E118*F118*G118 -> 0 | J118: =E118*F118*G118*H118 -> 0 | K118: 25
C119: L. | I119: =E119*F119*G119 -> 0 | J119: =E119*F119*G119*H119 -> 0 | K119: 25
C120: L. | I120: =E120*F120*G120 -> 0 | J120: =E120*F120*G120*H120 -> 0 | K120: 25
C121: L. | I121: =E121*F121*G121 -> 0 | J121: =E121*F121*G121*H121 -> 0 | K121: 25
C122: L. | I122: =E122*F122*G122 -> 0 | J122: =E122*F122*G122*H122 -> 0 | K122: 25
C123: L. | I123: =E123*F123*G123 -> 0 | J123: =E123*F123*G123*H123 -> 0 | K123: 25
C124: L. | I124: =E124*F124*G124 -> 0 | J124: =E124*F124*G124*H124 -> 0 | K124: 25
C125: L. | I125: =E125*F125*G125 -> 0 | J125: =E125*F125*G125*H125 -> 0 | K125: 25
C126: L. | I126: =E126*F126*G126 -> 0 | J126: =E126*F126*G126*H126 -> 0 | K126: 25
C127: L. | I127: =E127*F127*G127 -> 0 | J127: =E127*F127*G127*H127 -> 0 | K127: 25
... C165: L. | I165: =E165*F165*G165 -> 0 | J165: =E165*F165*G165*H165 -> 0 | K165: 25
G166: TORRE
C167: L. | I167: =E167*F167*G167 -> 0 | J167: =E167*F167*G167*H167 -> 0 | K167: 25
C168: L. | I168: =E168*F168*G168 -> 0 | J168: =E168*F168*G168*H168 -> 0 | K168: 25
C169: L. | I169: =E169*F169*G169 -> 0 | J169: =E169*F169*G169*H169 -> 0 | K169: 25
C170: L. | I170: =E170*F170*G170 -> 0 | J170: =E170*F170*G170*H170 -> 0 | K170: 25
C171: L. | I171: =E171*F171*G171 -> 0 | J171: =E171*F171*G171*H171 -> 0 | K171: 25
C172: L. | I172: =E172*F172*G172 -> 0 | J172: =E172*F172*G172*H172 -> 0 | K172: 25
C173: L. | I173: =E173*F173*G173 -> 0 | J173: =E173*F173*G173*H173 -> 0 | K173: 25
C174: L. | I174: =E174*F174*G174 -> 0 | J174: =E174*F174*G174*H174 -> 0 | K174: 25
C175: L. | I175: =E175*F175*G175 -> 0 | J175: =E175*F175*G175*H175 -> 0 | K175: 25
C176: L. | I176: =E176*F176*G176 -> 0 | J176: =E176*F176*G176*H176 -> 0 | K176: 25
C177: L. | I177: =E177*F177*G177 -> 0 | J177: =E177*F177*G177*H177 -> 0 | K177: 25
C178: L. | I178: =E178*F178*G178 -> 0 | J178: =E178*F178*G178*H178 -> 0 | K178: 25
... C216: L. | I216: =E216*F216*G216 -> 0 | J216: =E216*F216*G216*H216 -> 0 | K216: 25
F217: Forma (m²) | G217: Concreto FCK
C218: TOTAL: | E218: =SUM(J115:J217) -> 0 | G218: 25 | H218: 30 | I218: 35 | J218: 40 | K218: 50
F219: =SUM(I115:I216) -> 0 | G219: =SUMIF($K$115:$K$216,G218,$J$115:$J$216) -> 0 | H219: =SUMIF($K$115:$K$216,H218,$J$115:$J$216) -> 0 | I219: =SUMIF($K$115:$K$216,I218,$J$115:$J$216) -> 0 | J219: =SUMIF($K$115:$K$216,J218,$J$115:$J$216) -> 0 | K219: =SUMIF($K$115:$K$216,K218,$J$115:$J$216) -> 0
F222: LEVANTAMENTO DE VIGAS
C224: No ORDEM | D224: QUANT. | E224: BASE | F224: ALTURA | G224: COMPRIMENTO | H224: ESPESSURA LAJE | I224: AREA FORMA | J224: VOL. CONCRETO | K224: FCK
G225: PERIFERIA
B226: V. | I226: =E226*F226*G226 -> 0 | J226: =D226*E226*F226*G226*H226 -> 0 | K226: 25
B227: V. | I227: =E227*F227*G227 -> 0 | J227: =D227*E227*F227*G227*H227 -> 0 | K227: 25
B228: V. | I228: =E228*F228*G228 -> 0 | J228: =D228*E228*F228*G228*H228 -> 0 | K228: 25
B229: V. | I229: =E229*F229*G229 -> 0 | J229: =D229*E229*F229*G229*H229 -> 0 | K229: 25
B230: V. | I230: =E230*F230*G230 -> 0 | J230: =D230*E230*F230*G230*H230 -> 0 | K230: 25
B231: V. | I231: =E231*F231*G231 -> 0 | J231: =D231*E231*F231*G231*H231 -> 0 | K231: 25
B232: V. | I232: =E232*F232*G232 -> 0 | J232: =D232*E232*F232*G232*H232 -> 0 | K232: 25
B233: V. | I233: =E233*F233*G233 -> 0 | J233: =D233*E233*F233*G233*H233 -> 0 | K233: 25
B234: V. | I234: =E234*F234*G234 -> 0 | J234: =D234*E234*F234*G234*H234 -> 0 | K234: 25
B235: V. | I235: =E235*F235*G235 -> 0 | J235: =D235*E235*F235*G235*H235 -> 0 | K235: 25
B236: V. | I236: =E236*F236*G236 -> 0 | J236: =D236*E236*F236*G236*H236 -> 0 | K236: 25
B237: V. | I237: =E237*F237*G237 -> 0 | J237: =D237*E237*F237*G237*H237 -> 0 | K237: 25
... B275: V. | I275: =E275*F275*G275 -> 0 | J275: =D275*E275*F275*G275*H275 -> 0 | K275: 25
G276: TORRE
B277: V. | I277: =E277*F277*G277 -> 0 | J277: =D277*E277*F277*G277*H277 -> 0 | K277: 25
B278: V. | I278: =E278*F278*G278 -> 0 | J278: =D278*E278*F278*G278*H278 -> 0 | K278: 25
B279: V. | I279: =E279*F279*G279 -> 0 | J279: =D279*E279*F279*G279*H279 -> 0 | K279: 25
B280: V. | I280: =E280*F280*G280 -> 0 | J280: =D280*E280*F280*G280*H280 -> 0 | K280: 25
B281: V. | I281: =E281*F281*G281 -> 0 | J281: =D281*E281*F281*G281*H281 -> 0 | K281: 25
B282: V. | I282: =E282*F282*G282 -> 0 | J282: =D282*E282*F282*G282*H282 -> 0 | K282: 25
B283: V. | I283: =E283*F283*G283 -> 0 | J283: =D283*E283*F283*G283*H283 -> 0 | K283: 25
